target,feature1,feature2,feature3,feature4,feature5,feature6,feature7,feature8,feature9,feature10,feature11,feature12,feature13
1,0.0,3.51,0.04,0.0,2.39,203.0,7.95,23.71,124.0,143,148,1,2
0,0.27,8.18,3.27,6.0,4.17,108.0,10.24,14.84,83.42,135,203,1,1
0,0.34,5.32,0.07,2.0,4.06,77.0,24.2,15.8,66.29,115,35,3,2
1,,2.77,2.2,7.0,3.34,134.0,7.23,9.56,92.35,169,181,3,3
0,0.62,3.97,2.92,7.0,5.3,25.0,17.8,11.71,33.09,168,51,2,2
1,0.08,0.34,2.28,6.0,3.35,27.0,17.0,6.01,41.93,174,125,1,3
1,0.7,7.57,4.14,4.0,6.17,33.0,12.11,10.83,44.76,86,91,1,1
0,0.74,4.7,4.76,0.0,6.28,,12.49,12.55,55.52,84,178,1,2
0,0.41,6.24,3.15,5.0,4.56,64.0,13.51,15.94,54.63,100,91,3,1
0,0.13,5.99,4.76,5.0,3.33,128.0,22.11,16.88,85.54,86,108,1,2
1,0.5,9.53,3.44,1.0,5.24,77.0,13.42,13.39,61.15,166,10,3,2
0,0.99,1.13,0.9,,7.41,119.0,16.87,21.79,88.38,43,182,1,2
1,0.61,6.39,0.07,7.0,5.91,,5.2,7.34,93.05,207,198,1,2
1,0.18,6.04,0.3,1.0,3.32,155.0,24.32,7.07,99.37,25,164,3,3
0,0.34,8.8,4.89,5.0,3.82,117.0,10.99,23.68,87.47,84,170,2,2
1,0.66,5.34,1.35,2.0,5.94,120.0,22.99,7.19,83.44,192,188,1,2
1,0.27,1.84,0.7,0.0,3.78,115.0,16.77,20.77,78.4,101,186,1,3
0,0.24,8.91,4.18,2.0,4.2,87.0,22.4,23.54,65.04,121,68,3,1
1,0.43,7.14,,5.0,4.68,149.0,16.25,9.17,101.7,207,89,2,1
0,0.9,3.71,3.02,4.0,6.79,101.0,9.52,8.37,75.83,160,83,2,1
0,0.73,4.4,3.38,6.0,6.05,29.0,20.56,24.48,40.13,200,99,1,1
1,0.54,4.72,4.09,2.0,5.68,204.0,24.39,7.11,123.4,87,165,1,2
0,0.29,1.88,3.4,4.0,3.93,170.0,7.93,18.71,105.56,177,187,2,1
0,0.05,6.29,2.61,,2.45,31.0,22.98,9.63,43.1,74,92,2,2
0,0.66,8.25,3.92,7.0,5.93,87.0,18.47,21.19,67.67,103,152,3,2
0,0.46,7.53,2.04,7.0,4.9,160.0,10.78,17.02,107.24,198,16,2,3
1,0.86,1.58,1.51,0.0,6.45,94.0,9.69,7.42,75.28,34,136,1,1
0,0.01,8.36,1.38,3.0,2.39,,20.7,16.39,36.51,155,109,3,2
0,0.32,0.25,3.31,7.0,4.37,,17.57,23.94,112.52,13,17,1,3
0,0.52,7.35,1.84,4.0,5.37,41.0,22.27,21.73,44.01,207,28,1,2
1,0.76,2.83,3.11,7.0,6.48,60.0,17.7,20.9,53.09,105,36,2,2
0,0.49,3.46,2.47,4.0,4.48,,9.31,23.08,43.2,157,16,1,3
0,0.58,5.79,1.16,3.0,5.43,33.0,22.29,13.66,45.51,90,95,2,1
1,0.38,8.03,1.01,5.0,,24.0,8.53,11.87,33.77,89,92,3,2
0,0.81,9.63,1.98,1.0,6.9,33.0,14.81,8.1,37.9,154,66,1,3
1,0.43,2.84,3.16,6.0,4.26,12.0,9.6,7.07,32.01,20,147,3,2
0,0.4,8.64,3.88,2.0,4.03,110.0,21.98,16.81,77.35,96,11,2,1
1,,0.6,3.21,4.0,3.65,135.0,14.76,6.38,90.45,196,56,1,2
1,0.17,5.99,1.04,1.0,3.49,196.0,6.84,11.26,126.39,94,205,2,1
1,0.07,4.52,0.02,1.0,2.79,204.0,5.44,10.66,129.97,113,199,3,2
1,0.41,0.82,1.77,0.0,4.05,135.0,9.46,10.74,90.08,67,10,1,2
0,0.65,0.49,1.56,7.0,6.06,17.0,6.65,20.89,31.64,153,121,3,3
1,0.37,7.12,0.61,7.0,4.12,180.0,10.88,10.32,116.09,49,142,1,3
0,0.46,7.21,4.67,5.0,4.48,13.0,22.15,18.09,28.26,141,90,1,1
1,0.3,4.33,1.55,1.0,4.37,,15.02,5.59,81.76,39,159,3,3
0,0.54,8.8,0.91,1.0,,54.0,9.63,23.54,53.47,69,96,3,3
0,0.29,5.03,3.37,2.0,3.68,207.0,20.9,22.7,133.44,27,136,2,2
0,0.47,8.31,3.7,1.0,4.78,205.0,21.68,21.74,122.85,69,154,3,2
1,0.24,7.08,0.83,4.0,3.51,,19.99,14.04,110.04,99,124,3,3
1,0.02,4.89,0.44,4.0,3.07,183.0,23.28,24.86,111.9,124,116,2,2
1,0.04,1.88,0.09,5.0,3.06,181.0,21.29,5.45,116.25,37,10,2,1
0,0.52,5.96,0.12,0.0,4.67,66.0,11.03,10.6,61.15,48,18,3,2
1,0.63,1.71,4.27,0.0,5.55,94.0,15.28,7.84,75.4,69,78,1,3
1,0.32,7.16,0.68,4.0,4.42,49.0,19.07,13.74,49.61,180,155,2,2
0,0.06,3.31,4.32,7.0,2.91,,22.71,24.73,33.12,84,44,1,2
1,0.15,8.37,0.46,4.0,3.6,76.0,14.53,17.04,58.43,179,98,2,2
1,0.47,7.96,1.53,2.0,4.45,23.0,14.43,6.02,38.28,30,90,2,1
1,0.17,3.66,2.28,5.0,3.85,24.0,19.09,6.79,34.47,120,186,1,3
0,0.13,0.66,2.4,7.0,3.05,65.0,19.62,24.91,60.58,180,110,2,1
0,0.82,5.55,2.01,5.0,6.25,143.0,14.87,19.79,92.58,166,11,1,2
1,0.52,5.1,4.31,4.0,5.02,80.0,17.86,7.54,62.3,95,122,1,2
0,0.87,1.6,2.2,3.0,6.88,127.0,9.81,8.43,88.68,189,121,3,1
1,0.36,2.42,0.91,,4.46,199.0,14.93,20.12,129.18,183,112,1,2
0,0.95,8.8,2.61,6.0,7.42,60.0,8.32,6.47,51.38,34,206,1,2
1,0.58,3.43,3.61,5.0,4.97,49.0,13.61,6.27,49.09,23,202,2,2
0,0.81,2.06,3.51,3.0,6.41,143.0,13.25,5.45,96.38,190,47,1,2
0,0.71,7.65,1.99,1.0,6.53,178.0,12.65,12.5,112.55,98,151,1,2
0,0.73,3.06,3.75,2.0,5.66,153.0,9.37,18.58,102.02,87,178,1,3
0,0.96,6.74,0.31,6.0,6.88,199.0,18.61,11.92,119.93,207,35,3,2
0,0.98,3.07,2.2,3.0,7.03,111.0,20.38,6.29,76.24,112,161,1,2
0,0.43,2.86,2.18,0.0,5.06,65.0,18.92,23.75,57.29,152,158,2,2
0,0.96,6.35,4.86,3.0,7.14,198.0,13.64,19.13,119.88,28,196,1,3
1,0.44,7.37,2.2,2.0,4.32,40.0,5.5,6.13,47.87,144,118,1,1
1,0.69,2.8,0.17,0.0,5.55,29.0,16.03,8.59,40.37,173,121,1,2
1,0.19,4.81,0.64,3.0,3.66,46.0,24.85,20.94,45.72,135,173,3,3
0,0.64,6.03,3.57,7.0,5.91,166.0,8.29,15.56,104.36,143,104,2,2
1,0.0,4.91,4.37,2.0,2.64,155.0,8.98,7.15,100.63,146,209,2,3
1,0.12,2.82,0.14,6.0,3.48,25.0,20.6,20.51,33.46,137,123,2,3
0,0.78,8.08,2.71,7.0,6.77,137.0,21.5,12.91,91.45,72,57,1,3
0,0.9,5.16,3.63,7.0,6.78,26.0,22.54,12.12,38.01,156,181,1,3
1,0.37,8.08,1.87,1.0,4.2,43.0,7.18,20.04,42.05,60,36,1,1
1,0.64,8.08,2.11,6.0,5.73,155.0,7.55,12.53,97.89,85,177,1,2
0,0.4,1.54,3.51,1.0,4.95,182.0,24.34,12.93,118.81,168,113,1,2
0,0.07,6.25,3.38,3.0,3.21,109.0,6.37,20.88,83.2,89,141,3,2
1,0.09,8.96,0.18,1.0,3.33,107.0,12.13,10.61,78.49,123,151,2,1
0,0.73,2.56,3.03,7.0,6.47,,13.93,8.92,42.38,122,15,3,3
0,0.98,8.9,2.51,6.0,7.08,105.0,24.31,5.35,72.72,149,114,2,3
0,0.94,2.7,0.25,6.0,7.12,61.0,21.2,19.13,58.8,82,45,1,2
1,0.23,6.76,3.5,6.0,3.26,192.0,15.0,8.17,120.41,107,190,2,1
0,0.53,7.62,4.16,7.0,4.83,91.0,22.3,20.54,66.17,56,158,3,2
0,0.62,3.34,1.01,,5.18,21.0,9.44,15.86,34.59,166,135,1,2
1,0.15,4.15,4.99,3.0,3.29,182.0,16.3,5.83,118.31,195,167,1,2
1,0.6,8.54,4.83,0.0,5.5,201.0,15.92,8.73,127.05,171,164,1,1
1,0.6,6.28,0.58,2.0,5.22,,15.23,6.34,77.51,56,173,1,2
1,0.77,3.54,4.58,7.0,6.68,18.0,24.56,24.63,35.06,171,12,2,3
1,0.8,7.1,3.63,4.0,6.3,169.0,14.79,17.61,105.52,78,53,3,1
0,0.44,6.56,1.58,5.0,4.9,,16.23,13.44,83.22,68,205,3,1
1,0.03,8.11,,1.0,3.01,151.0,9.95,16.59,101.5,28,132,1,3
0,0.77,1.82,0.63,7.0,6.76,78.0,11.54,13.23,61.21,28,25,1,2
0,0.84,6.41,4.81,5.0,6.85,32.0,5.87,19.3,41.34,134,153,1,2
1,0.52,5.04,0.4,4.0,4.86,92.0,24.19,18.33,71.46,181,208,3,1
0,0.49,4.57,4.86,6.0,4.97,,7.16,21.35,78.59,16,74,1,2
0,0.04,4.44,1.44,,3.13,24.0,21.22,21.75,39.22,201,152,1,2
0,0.77,9.15,3.65,2.0,6.26,117.0,12.94,10.09,86.24,95,84,2,2
1,0.67,9.82,3.88,3.0,5.69,110.0,20.43,7.1,79.34,163,87,2,3
0,,7.94,3.13,5.0,5.48,43.0,10.66,24.19,47.7,107,146,3,2
1,0.1,7.47,0.51,2.0,3.38,26.0,12.4,23.1,34.77,195,143,1,2
0,0.26,2.13,4.62,0.0,4.03,145.0,22.47,19.32,101.31,144,84,2,3
0,0.24,3.45,4.0,1.0,3.78,138.0,24.97,19.4,90.33,99,93,1,2
0,0.85,8.67,0.3,5.0,7.13,46.0,7.88,21.02,48.47,135,76,1,2
0,0.69,0.46,3.95,3.0,5.51,117.0,15.53,24.79,79.95,26,131,3,2
1,0.55,6.03,3.9,5.0,5.02,197.0,5.22,10.38,119.36,70,114,3,2
1,0.07,7.97,,3.0,2.94,56.0,7.17,17.98,57.49,188,152,3,1
0,0.64,7.51,2.05,4.0,5.94,50.0,22.29,11.27,47.18,187,45,2,3
0,0.81,6.05,0.23,3.0,6.23,,24.96,23.17,95.56,17,52,1,3
0,0.83,2.65,2.5,7.0,6.7,23.0,24.26,8.47,33.5,121,89,1,2
1,0.14,7.17,1.75,6.0,3.42,83.0,11.77,7.43,66.4,34,169,2,2
0,0.28,9.64,4.97,0.0,4.29,68.0,22.03,23.19,56.92,72,61,1,2
0,0.11,8.39,0.28,5.0,3.09,81.0,11.89,9.69,63.78,33,33,3,2
1,0.26,6.58,0.43,1.0,3.71,157.0,5.23,6.02,105.95,168,12,1,3
0,0.75,9.9,1.37,0.0,6.47,164.0,7.63,7.8,108.34,170,39,3,1
0,0.54,4.73,2.07,6.0,4.73,46.0,15.29,13.8,49.76,189,156,2,2
1,0.09,7.78,3.47,6.0,3.36,54.0,7.92,9.49,49.94,75,127,1,2
1,0.8,5.65,2.4,6.0,6.99,126.0,10.31,14.57,88.02,43,91,3,3
0,0.96,7.57,0.2,,7.47,142.0,6.47,12.45,91.63,158,11,1,1
1,0.48,1.01,0.26,4.0,4.57,33.0,9.78,22.52,44.95,50,143,2,2
1,0.63,5.45,4.4,5.0,5.63,,5.18,16.5,88.76,64,176,3,2
0,0.23,8.73,1.03,4.0,3.4,188.0,15.09,14.86,115.8,182,154,1,2
0,0.04,2.06,1.2,4.0,2.86,121.0,18.65,21.73,83.06,207,132,2,3
0,0.37,0.41,2.12,1.0,4.6,,22.02,20.7,116.6,53,141,1,3
0,0.63,7.58,3.79,1.0,5.55,148.0,20.6,24.44,97.12,151,91,1,3
1,0.34,2.19,3.53,2.0,4.31,,18.86,8.41,115.43,77,171,1,3
0,0.32,1.57,4.96,6.0,4.4,189.0,10.9,21.36,115.35,26,66,1,1
0,0.26,3.21,,1.0,3.36,188.0,20.94,13.56,121.03,173,98,1,3
1,0.63,4.1,0.39,3.0,5.38,132.0,17.63,10.11,86.43,108,155,2,3
0,0.13,4.19,3.45,1.0,2.76,137.0,17.8,22.72,93.1,100,173,1,2
0,0.76,3.26,3.99,4.0,6.5,165.0,14.65,6.67,105.24,104,76,1,2
1,0.44,3.2,0.09,6.0,4.86,29.0,11.03,24.05,34.6,162,55,2,2
1,0.05,1.38,4.88,2.0,2.85,157.0,17.95,7.35,99.84,20,105,1,2
0,0.19,2.18,1.07,5.0,3.05,94.0,11.65,21.98,75.64,111,76,3,2
0,0.5,9.38,0.31,3.0,4.94,58.0,16.93,24.71,54.37,36,36,2,3
0,0.36,0.88,0.15,6.0,4.26,,18.83,5.85,102.15,116,74,1,2
0,0.78,9.48,4.59,6.0,6.06,155.0,21.97,17.3,98.78,55,90,1,2
1,0.35,2.15,4.62,3.0,3.8,202.0,18.66,8.04,126.97,142,139,1,3
0,0.27,9.37,2.4,1.0,4.25,171.0,15.75,20.76,114.98,97,106,1,2
0,0.57,6.58,4.42,2.0,5.07,,24.48,13.51,114.34,102,64,2,2
0,0.72,3.05,4.68,7.0,6.51,160.0,13.87,20.49,100.75,77,28,1,2
0,0.67,2.97,3.17,6.0,6.2,154.0,22.24,11.67,107.0,151,196,1,3
1,0.02,0.98,2.4,3.0,2.35,175.0,13.45,8.57,111.38,93,10,1,2
0,0.29,5.9,4.61,0.0,3.46,16.0,14.88,21.61,29.36,182,137,2,3
1,0.59,5.74,0.75,2.0,5.22,94.0,14.89,10.08,70.0,126,100,1,2
1,0.4,2.86,1.99,3.0,4.92,,9.51,12.22,93.78,156,204,1,2
1,0.14,1.79,1.95,2.0,3.4,18.0,8.13,11.15,37.49,163,182,1,2
1,0.33,2.58,4.93,2.0,3.87,45.0,14.95,7.11,50.83,56,11,2,2
0,0.87,3.14,3.92,5.0,7.13,50.0,11.1,20.42,49.89,50,40,1,2
1,0.93,8.52,4.18,6.0,6.89,55.0,15.54,20.09,48.43,26,172,2,3
0,0.29,3.85,3.23,4.0,3.69,95.0,14.99,24.79,74.43,197,132,1,2
0,0.01,2.48,3.58,4.0,2.43,90.0,12.01,17.84,71.8,132,72,1,2
1,0.76,0.62,3.62,7.0,5.86,146.0,17.46,6.85,102.0,24,96,1,2
1,0.18,8.55,2.11,0.0,3.35,181.0,5.49,6.92,117.12,209,146,1,3
1,0.18,5.42,0.35,1.0,3.87,14.0,24.85,24.78,33.94,115,205,3,2
1,0.66,2.88,4.58,5.0,5.49,25.0,9.06,8.66,36.3,81,81,3,2
1,0.23,6.39,1.59,3.0,3.18,128.0,7.7,5.55,93.58,84,46,2,2
0,0.83,0.17,4.99,0.0,6.19,207.0,20.49,8.86,127.69,57,109,3,2
0,0.92,7.56,1.08,7.0,6.95,176.0,9.87,5.65,115.05,168,32,2,1
0,0.96,0.05,3.5,1.0,7.28,21.0,11.45,22.03,34.56,78,109,1,2
0,0.7,8.14,3.66,4.0,6.11,142.0,24.15,8.96,99.15,181,33,2,1
0,0.87,0.52,0.25,3.0,6.49,96.0,12.24,13.14,77.18,188,83,1,2
0,0.97,1.39,2.7,0.0,6.98,160.0,5.5,10.75,103.73,72,74,2,3
1,0.3,4.94,4.87,6.0,3.62,129.0,12.05,8.34,92.25,86,80,1,3
1,0.87,0.75,3.98,6.0,7.01,119.0,22.69,16.54,81.51,169,133,2,3
0,0.7,2.72,2.63,5.0,6.1,178.0,13.41,11.25,113.58,156,166,3,1
0,0.58,8.99,1.01,7.0,5.03,94.0,21.23,10.77,69.99,110,66,3,1
0,0.62,7.64,4.77,1.0,5.17,122.0,20.69,13.54,84.55,180,21,1,2
0,0.78,6.25,1.36,2.0,6.11,99.0,20.96,11.28,78.87,160,140,1,2
1,0.01,2.18,0.33,0.0,2.93,23.0,7.23,5.22,38.24,99,156,1,3
1,0.12,4.67,3.33,0.0,2.92,140.0,17.41,6.74,97.01,86,30,2,2
1,0.09,4.89,3.27,0.0,2.63,42.0,15.1,15.15,47.16,178,20,3,1
0,0.04,3.91,1.62,4.0,2.22,,23.61,18.45,97.47,201,113,3,1
1,0.84,4.58,4.06,6.0,6.27,68.0,23.78,14.45,62.88,87,81,3,2
0,0.94,3.69,3.64,3.0,7.12,51.0,19.44,10.1,53.5,158,139,2,3
0,0.41,7.12,2.19,5.0,4.88,70.0,7.12,17.2,59.86,94,163,1,2
1,0.4,1.34,3.11,3.0,4.15,137.0,9.73,12.7,94.64,131,170,1,3
0,,3.58,2.41,5.0,5.59,126.0,23.62,15.19,89.54,80,102,1,3
0,0.08,9.46,,1.0,2.93,157.0,22.01,14.68,107.11,71,184,1,2
0,0.71,7.69,1.61,3.0,5.84,189.0,14.72,21.21,121.53,23,144,1,1
0,0.47,5.73,1.32,5.0,4.4,164.0,23.77,19.26,104.57,189,66,1,3
0,0.92,7.69,0.73,4.0,6.97,20.0,19.79,19.02,33.79,112,173,1,1
1,0.81,1.58,1.37,7.0,6.61,,21.86,15.31,42.27,207,114,2,1
0,0.22,1.99,3.61,6.0,3.82,27.0,11.97,16.6,38.26,156,41,3,2
1,0.53,2.35,2.7,0.0,4.75,,19.03,6.81,81.33,47,43,2,1
1,0.69,5.97,2.91,5.0,6.18,16.0,8.94,5.93,31.05,109,54,1,2
0,0.58,7.27,3.06,3.0,5.75,206.0,7.9,21.51,124.48,150,73,2,3
0,0.93,9.0,1.08,6.0,7.0,51.0,16.72,9.51,51.23,107,18,2,3
0,0.63,9.96,1.84,5.0,5.73,150.0,14.03,17.6,101.58,90,63,1,3
0,0.11,4.95,1.07,6.0,3.51,136.0,23.01,18.3,94.89,141,125,2,2
1,0.73,5.86,0.24,7.0,6.12,,7.28,18.97,124.98,120,117,2,2
1,0.15,8.08,4.02,0.0,3.36,174.0,14.67,17.38,107.58,98,114,1,2
1,0.7,9.23,1.05,2.0,5.54,166.0,9.3,12.43,111.78,206,202,2,2
0,0.09,1.43,4.05,5.0,3.31,34.0,24.37,11.81,45.68,36,129,1,1
0,0.73,2.42,0.44,1.0,5.93,165.0,9.95,17.36,104.71,106,20,1,2
1,0.37,9.96,4.83,1.0,4.01,,11.46,10.59,116.58,196,63,1,2
0,0.7,5.9,2.47,7.0,5.71,146.0,20.69,9.76,102.42,117,204,1,3
1,0.12,7.82,1.9,1.0,3.14,43.0,14.62,5.9,51.14,204,104,2,3
1,0.69,5.03,0.12,5.0,5.72,129.0,16.53,10.75,85.56,184,41,1,3
1,0.85,8.02,1.98,6.0,6.55,166.0,14.62,8.9,106.17,15,34,3,2
0,0.03,6.13,4.26,1.0,3.13,123.0,21.26,23.25,85.46,125,97,2,2
0,0.25,7.63,,5.0,3.78,187.0,13.94,23.27,118.73,139,40,3,1
1,0.61,5.17,0.97,6.0,5.4,116.0,20.63,5.95,81.91,26,208,1,2
1,0.28,1.9,1.48,7.0,3.7,167.0,7.27,5.08,108.53,171,56,1,3
0,0.44,8.56,1.77,7.0,4.55,164.0,19.44,16.37,111.88,167,183,1,2
0,0.12,1.44,1.47,4.0,2.92,19.0,15.6,21.73,33.66,66,153,1,2
1,0.5,8.35,0.7,,5.22,14.0,24.86,10.76,35.22,113,127,1,1
0,0.98,6.47,2.71,7.0,7.04,36.0,8.99,8.36,39.93,189,196,1,2
1,0.38,7.06,0.01,3.0,4.23,99.0,16.77,21.42,75.73,182,86,1,1
0,0.46,1.19,0.13,6.0,4.91,139.0,6.19,8.06,96.27,68,98,1,2
1,0.26,3.82,3.75,2.0,3.36,,5.98,7.17,109.02,78,158,1,2
0,0.36,5.86,1.75,5.0,4.39,36.0,7.06,17.13,43.53,178,95,3,3
1,0.35,0.79,2.85,5.0,4.24,121.0,10.32,9.38,89.64,173,146,1,2
0,0.99,6.3,2.94,5.0,7.44,199.0,7.47,8.55,127.05,134,163,2,2
0,0.6,5.77,1.56,1.0,5.98,148.0,20.49,18.65,102.49,91,191,1,1
1,0.26,9.35,0.2,1.0,3.48,102.0,24.32,11.45,71.37,171,55,3,2
0,0.51,8.98,3.62,7.0,5.54,42.0,8.64,19.72,46.47,143,33,2,2
0,0.93,1.39,3.52,7.0,7.32,,9.57,16.5,60.67,91,123,1,1
1,0.26,0.24,0.25,6.0,3.83,180.0,12.26,22.97,115.89,105,192,1,2
0,0.99,6.09,3.19,1.0,7.1,74.0,23.17,16.17,66.8,152,45,1,3
1,0.35,7.69,1.45,0.0,4.08,146.0,22.6,6.17,102.71,110,63,1,2
0,0.65,4.55,0.38,3.0,5.54,192.0,15.98,21.91,125.99,33,56,1,3
0,0.54,5.72,1.98,4.0,5.2,62.0,17.87,20.85,59.24,65,87,3,3
0,0.52,0.18,2.4,1.0,4.71,,13.28,21.06,78.17,10,92,1,3
0,0.68,8.77,3.12,6.0,6.33,,9.4,17.23,55.14,184,202,3,3
0,0.2,6.38,2.9,6.0,3.09,134.0,17.0,10.98,92.62,50,154,1,1
0,0.01,4.28,2.33,6.0,2.39,114.0,15.24,22.81,78.29,120,161,3,2
0,0.05,3.0,1.52,0.0,2.99,75.0,17.27,20.69,61.54,31,108,3,3
1,0.59,3.48,2.07,6.0,5.49,183.0,5.78,7.5,117.14,18,32,3,2
1,0.21,8.04,2.86,0.0,3.75,116.0,7.59,19.03,85.89,159,82,3,1
1,0.43,1.07,3.49,0.0,4.88,66.0,13.66,12.55,55.63,65,128,1,3
1,0.66,4.08,2.64,2.0,6.07,25.0,17.06,12.7,39.98,66,59,1,3
0,0.88,6.71,3.57,3.0,7.1,112.0,12.57,15.66,85.21,172,29,1,2
1,0.32,3.31,2.31,0.0,3.75,72.0,15.53,5.05,58.01,153,137,1,2
1,0.66,7.6,0.21,7.0,5.63,,6.15,23.66,82.39,96,126,1,2
0,0.91,5.21,4.81,5.0,7.26,183.0,7.35,9.86,113.1,134,10,3,3
1,0.16,2.94,1.64,4.0,3.11,60.0,17.13,9.36,54.65,130,46,1,2
1,0.2,5.6,3.95,0.0,3.04,162.0,16.96,14.33,110.54,74,20,1,2
0,0.41,7.31,2.1,1.0,4.85,,12.91,19.75,87.63,15,148,2,2
1,0.17,2.67,3.82,1.0,3.58,112.0,20.58,12.32,78.03,16,146,2,2
1,0.94,6.66,3.89,0.0,6.81,199.0,20.06,13.28,127.6,21,59,2,2
0,0.13,2.62,0.56,0.0,2.66,143.0,13.04,23.02,96.01,91,107,2,1
1,0.65,7.97,1.1,1.0,5.49,196.0,8.04,17.52,120.49,21,135,2,1
1,0.7,1.03,4.65,3.0,5.93,144.0,21.79,6.06,94.34,207,182,1,1
0,,2.86,4.09,0.0,7.12,71.0,7.72,11.22,56.51,117,146,1,2
0,0.15,8.35,2.82,7.0,3.3,38.0,8.68,23.49,42.61,13,10,1,3
0,0.88,5.55,3.15,5.0,6.85,,11.7,24.01,69.5,27,61,1,3
1,0.86,6.36,0.23,1.0,6.42,10.0,22.4,22.07,28.23,142,112,2,2
1,0.66,5.29,3.45,4.0,5.7,123.0,6.25,8.77,89.96,202,194,2,2
0,0.61,2.61,4.77,6.0,5.98,119.0,23.11,8.35,87.03,37,141,1,1
1,0.43,3.18,0.99,3.0,5.03,147.0,20.15,14.93,101.45,133,207,1,2
0,0.01,0.84,4.68,3.0,2.58,118.0,20.55,19.15,86.47,64,79,1,1
1,0.39,9.64,0.15,4.0,4.24,49.0,7.48,15.27,50.91,159,77,1,2
0,0.33,9.04,3.29,1.0,4.16,,18.48,16.61,69.77,78,154,1,2
1,0.08,2.35,3.85,0.0,3.33,109.0,15.32,12.33,74.8,142,171,2,2
1,0.89,3.56,0.91,2.0,6.46,18.0,7.11,19.45,30.37,175,196,2,3
1,0.75,6.65,3.67,2.0,6.71,,13.96,13.89,65.7,137,163,2,1
0,0.9,6.51,3.85,6.0,7.45,103.0,21.87,11.31,74.17,202,58,2,3
1,0.03,6.34,1.63,1.0,2.29,130.0,14.92,9.14,90.02,139,118,3,1
0,0.88,4.61,4.45,1.0,6.81,,22.91,15.85,43.09,180,22,1,2
0,0.54,5.05,1.63,4.0,4.75,173.0,20.31,21.55,109.27,173,92,3,2
1,0.44,2.63,0.09,6.0,4.55,169.0,18.84,5.47,107.54,183,144,1,2
1,0.88,1.35,3.05,2.0,7.12,39.0,12.83,19.93,44.42,175,179,3,3
0,0.76,5.91,0.26,6.0,6.56,202.0,18.85,21.36,126.52,75,123,1,2
0,0.23,1.43,3.73,1.0,3.58,199.0,23.79,17.14,125.51,172,63,1,2
0,0.92,9.46,0.85,6.0,7.47,98.0,9.96,24.74,77.9,206,188,1,3
1,0.34,9.02,1.44,0.0,3.83,72.0,19.42,9.56,59.83,24,84,1,3
1,0.68,9.87,,2.0,5.97,38.0,11.69,9.71,46.02,89,50,1,1
1,0.24,9.97,0.31,7.0,3.6,194.0,9.79,20.52,117.91,180,131,1,3
1,0.48,0.49,4.74,2.0,5.27,176.0,15.64,8.58,109.04,197,83,2,3
0,0.03,2.4,2.54,7.0,2.4,58.0,10.7,17.38,54.44,194,49,1,2
0,0.62,1.16,1.99,4.0,5.31,76.0,18.51,17.38,58.29,108,134,1,2
1,0.9,7.44,0.45,0.0,7.13,,7.4,15.11,112.15,103,171,3,1
1,0.31,8.69,3.73,1.0,4.18,30.0,10.02,18.59,37.38,139,75,1,2
1,0.29,3.99,4.99,2.0,4.45,158.0,21.62,6.86,102.31,74,176,2,2
1,0.19,1.8,0.37,3.0,3.05,125.0,23.25,16.67,89.1,120,161,1,2
0,0.97,2.77,1.11,3.0,6.97,76.0,14.8,18.12,67.11,150,139,1,3
0,0.18,1.64,3.83,6.0,3.39,152.0,14.26,9.75,99.15,85,116,1,3
1,0.21,3.3,0.98,0.0,3.29,111.0,18.75,9.78,82.19,104,208,3,2
1,0.02,5.22,4.61,3.0,2.84,38.0,8.84,12.68,44.38,144,128,1,2
0,0.75,1.01,4.7,0.0,6.21,73.0,5.64,11.58,62.67,168,144,1,2
0,0.94,4.75,2.59,6.0,7.12,134.0,14.94,19.92,94.13,192,127,1,1
1,0.87,7.23,1.18,0.0,6.85,15.0,21.75,23.32,35.22,76,165,2,2
1,0.43,4.6,4.59,6.0,4.47,101.0,6.64,9.17,80.27,199,54,2,2
1,0.6,4.52,3.16,2.0,5.65,91.0,11.33,9.47,75.5,50,168,2,3
0,0.76,6.94,0.04,7.0,6.58,20.0,16.24,19.42,33.06,117,37,1,3
0,0.8,5.35,4.07,0.0,6.51,87.0,10.84,20.88,70.71,61,122,1,2
0,0.58,6.88,1.12,6.0,5.84,166.0,19.21,17.72,104.0,83,44,3,2
0,0.73,5.35,1.18,4.0,6.49,158.0,15.14,23.67,106.64,57,127,1,3
0,0.77,9.23,4.23,4.0,6.08,146.0,22.85,16.78,101.07,92,177,1,1
0,0.89,7.86,2.05,7.0,7.17,23.0,14.11,11.55,33.92,46,44,3,2
1,0.11,0.18,3.43,1.0,3.16,58.0,12.49,18.14,56.01,179,200,1,1
0,0.45,2.83,3.61,4.0,4.69,15.0,16.63,11.91,33.8,35,137,3,2
0,0.14,8.69,2.41,1.0,3.14,49.0,21.08,21.73,45.06,127,76,3,3
1,0.86,4.75,1.8,1.0,6.86,194.0,23.88,19.13,122.79,177,157,3,3
1,0.66,4.92,5.0,3.0,5.99,185.0,8.38,12.76,121.55,151,167,1,2
1,0.31,8.67,0.61,1.0,3.81,124.0,19.84,23.62,82.54,153,192,1,1
1,0.43,6.87,3.14,3.0,4.5,23.0,18.92,9.94,41.14,93,96,1,2
0,0.52,8.65,2.84,7.0,5.19,37.0,13.63,18.63,39.99,131,108,1,1
0,0.08,2.19,,1.0,2.57,68.0,23.67,11.9,56.5,48,66,1,2
1,0.08,3.2,4.48,2.0,3.22,79.0,21.33,5.45,65.93,35,132,3,2
0,0.14,0.9,3.99,3.0,3.52,,20.36,21.22,118.0,85,209,1,1
0,0.89,4.12,3.09,3.0,7.39,,8.63,12.6,71.17,96,200,1,2
0,0.39,3.58,1.7,3.0,4.53,180.0,23.33,14.91,112.44,104,150,1,2
0,0.24,5.16,4.45,5.0,4.12,,13.87,21.25,25.77,48,119,1,3
0,0.98,3.99,0.7,1.0,,36.0,12.53,15.03,39.28,80,193,1,1
1,0.51,8.24,0.38,1.0,4.68,89.0,6.32,23.13,74.15,86,134,2,1
1,0.76,7.06,2.49,5.0,6.67,193.0,21.0,17.99,118.69,77,183,3,1
0,0.82,2.07,3.2,6.0,6.12,180.0,17.47,10.99,110.17,67,31,1,3
1,0.39,8.73,1.37,3.0,4.79,127.0,16.37,6.44,89.8,133,200,3,3
1,0.62,1.17,0.11,7.0,6.07,,5.81,18.46,56.82,155,49,2,2
0,0.18,7.25,4.3,3.0,3.52,153.0,15.9,18.08,105.51,42,194,2,2
1,0.02,7.16,4.71,1.0,2.41,179.0,7.6,6.13,118.68,55,86,1,3
0,0.56,3.03,4.58,7.0,5.61,198.0,18.43,16.47,122.22,195,55,1,3
0,0.18,7.29,0.08,0.0,3.43,87.0,10.73,23.02,63.69,130,30,2,2
1,0.16,0.8,2.48,1.0,2.92,,17.2,11.17,127.26,174,20,1,2
1,0.64,5.13,0.73,0.0,5.38,81.0,9.52,5.9,66.78,79,122,1,3
0,0.41,6.7,0.9,2.0,4.97,147.0,13.47,21.46,97.24,12,132,1,2
0,0.12,9.99,1.47,4.0,2.79,98.0,21.66,24.4,72.56,205,35,1,1
0,0.94,5.56,4.59,3.0,7.22,195.0,18.2,8.36,118.41,92,49,1,1
0,0.1,7.18,2.23,3.0,2.91,184.0,21.95,23.06,119.63,60,116,3,2
0,0.52,7.98,2.87,5.0,4.91,,8.41,22.05,49.69,196,128,2,1
0,0.96,4.27,0.05,5.0,6.86,114.0,7.33,9.73,85.11,132,135,2,2
0,0.06,0.75,1.34,7.0,3.1,28.0,12.55,8.39,42.47,153,15,3,2
0,0.19,6.52,4.78,1.0,2.96,91.0,19.29,17.71,74.54,42,183,1,3
0,0.53,7.47,0.26,2.0,5.43,19.0,22.76,13.33,37.51,30,21,1,1
0,0.13,9.34,0.87,1.0,2.7,49.0,15.1,6.25,49.03,87,74,2,1
0,0.09,0.25,2.8,0.0,3.21,,10.58,23.34,95.9,100,168,3,1
0,0.17,2.17,1.86,4.0,3.47,148.0,11.51,14.92,100.38,133,14,2,2
0,0.62,3.78,3.27,3.0,6.01,31.0,8.97,24.48,44.02,120,141,1,2
1,0.25,4.93,0.22,7.0,3.3,66.0,23.59,9.51,59.9,193,150,1,3
1,0.74,7.69,2.6,7.0,6.54,115.0,8.46,16.14,80.41,153,95,2,2
0,0.09,3.86,3.7,3.0,2.71,,7.18,21.09,56.43,63,165,1,3
1,0.95,5.13,2.63,7.0,7.13,103.0,13.04,22.66,72.25,133,185,2,1
0,0.77,5.85,3.71,7.0,6.79,,15.02,11.5,121.5,73,60,2,1
0,0.93,9.6,3.15,2.0,7.19,61.0,12.84,16.97,57.47,24,85,1,2
0,0.62,5.86,3.89,7.0,5.27,137.0,15.42,24.09,96.53,39,145,2,3
0,0.14,0.85,3.24,4.0,3.39,205.0,16.08,12.99,125.71,163,13,1,2
0,0.43,9.41,2.48,6.0,4.96,60.0,12.04,12.5,53.76,147,92,2,3
1,0.13,4.33,3.27,1.0,3.44,,20.14,12.06,43.09,13,50,1,2
1,0.06,2.53,1.97,4.0,3.28,10.0,5.92,6.08,31.14,145,174,1,2
0,0.79,4.89,0.73,3.0,6.31,11.0,11.48,9.13,26.54,136,20,2,3
1,0.73,7.41,4.67,3.0,6.63,,19.78,22.43,71.63,95,149,3,3
0,0.32,1.05,4.67,1.0,4.12,,11.11,19.67,120.6,78,121,1,2
1,0.3,1.61,0.8,3.0,4.33,128.0,19.04,14.68,91.25,161,29,3,3
1,0.04,5.46,4.7,5.0,2.48,190.0,14.48,6.83,124.95,40,191,1,3
0,0.5,1.22,1.32,7.0,5.27,152.0,13.76,13.41,96.14,65,89,1,3
0,0.8,0.72,5.0,7.0,6.92,183.0,9.45,19.78,116.37,17,169,1,2
0,0.84,1.88,4.75,2.0,7.2,136.0,23.06,16.75,89.79,187,92,1,1
1,0.62,9.11,0.74,2.0,5.32,128.0,9.12,8.2,91.86,11,191,2,1
0,0.05,2.57,1.09,7.0,3.08,192.0,21.38,24.17,120.09,27,21,1,3
0,0.67,4.43,4.44,3.0,5.99,201.0,22.95,18.17,126.21,66,155,3,2
0,0.73,0.8,0.84,5.0,6.47,19.0,14.4,10.25,35.16,55,203,3,2
0,0.97,3.27,0.26,,7.32,179.0,11.91,11.65,116.61,94,182,1,1
0,0.57,0.79,1.67,5.0,5.52,124.0,17.26,22.14,87.99,16,66,3,2
0,0.2,2.64,2.06,6.0,3.73,114.0,22.48,11.81,83.04,83,76,1,2
0,0.92,7.44,1.71,5.0,7.03,19.0,5.14,23.95,34.6,98,168,1,2
0,0.26,9.54,1.66,6.0,4.09,,14.88,19.76,104.12,99,104,2,1
0,0.22,1.95,2.09,7.0,3.16,21.0,16.4,21.53,31.57,52,207,2,2
1,0.87,5.2,0.14,1.0,7.01,108.0,18.33,13.17,74.9,85,133,2,1
1,0.66,8.71,4.92,4.0,5.64,18.0,15.78,7.23,37.97,157,204,1,2
0,,4.17,4.98,1.0,6.41,109.0,18.04,11.59,76.32,177,129,2,1
0,0.53,5.45,3.74,0.0,4.78,,15.03,21.71,45.37,14,25,1,1
1,0.13,6.0,2.23,0.0,2.74,203.0,7.78,15.78,130.07,88,75,1,3
0,0.99,7.41,3.43,1.0,7.08,146.0,6.75,18.0,101.28,55,28,1,2
0,0.38,4.21,3.06,,4.26,91.0,15.12,20.51,70.42,171,42,2,2
0,0.18,4.67,2.98,2.0,3.03,189.0,6.22,24.1,120.44,26,50,1,2
0,0.1,3.66,4.59,6.0,3.43,109.0,7.9,14.65,77.55,40,104,1,1
1,0.07,3.72,3.73,0.0,2.93,89.0,21.99,8.4,66.57,112,148,3,2
0,0.8,8.56,2.06,0.0,6.42,38.0,24.27,13.53,46.16,198,151,1,2
0,0.34,8.23,3.62,7.0,4.53,179.0,16.15,14.25,116.73,25,53,1,3
0,0.63,4.04,0.71,4.0,5.78,130.0,6.75,17.73,90.28,89,90,3,2
0,0.37,1.0,4.05,5.0,4.15,72.0,14.45,24.74,61.28,59,28,2,3
0,0.47,4.76,2.09,6.0,5.1,124.0,9.92,12.95,84.18,31,56,2,1
1,0.72,9.91,4.83,2.0,6.21,54.0,5.29,18.91,48.19,187,166,3,2
0,0.41,9.46,3.48,6.0,5.0,98.0,6.18,23.36,73.3,204,197,3,3
0,0.72,4.09,3.09,0.0,5.63,104.0,8.8,11.62,81.65,96,112,2,2
1,0.26,6.55,0.96,7.0,4.06,123.0,23.83,9.76,91.26,161,109,2,1
0,0.57,8.33,2.08,1.0,5.41,61.0,14.22,17.41,56.64,187,58,3,1
1,0.29,0.74,3.69,3.0,3.79,167.0,13.24,10.96,106.51,44,57,2,2
1,0.83,0.89,1.63,5.0,6.3,55.0,10.6,13.14,48.15,132,197,2,3
1,0.91,0.54,4.86,1.0,7.49,,18.83,18.45,57.64,80,102,3,3
1,0.16,7.51,0.81,2.0,3.05,48.0,5.22,5.19,44.19,201,100,3,2
1,0.11,1.41,0.92,2.0,3.22,91.0,22.47,8.8,67.12,151,125,1,2
1,0.16,4.56,2.59,1.0,2.95,11.0,17.58,5.32,26.35,53,193,1,3
0,0.09,0.41,4.43,7.0,2.68,148.0,22.09,6.12,101.14,49,35,1,2
1,0.58,6.84,1.8,0.0,5.33,198.0,18.29,11.01,120.15,118,11,2,3
1,0.87,8.9,1.8,,7.32,176.0,13.64,15.66,117.61,208,85,3,3
0,0.52,0.39,2.07,5.0,4.91,132.0,15.55,23.21,95.91,183,122,1,3
0,0.2,2.83,1.15,1.0,3.94,32.0,22.61,13.09,44.4,182,178,2,2
0,0.4,5.76,3.83,3.0,4.33,133.0,18.66,12.85,90.66,88,27,1,2
1,0.53,4.34,1.6,3.0,4.84,151.0,10.43,13.83,96.9,15,127,1,3
1,0.4,8.11,0.04,0.0,4.72,42.0,10.16,19.65,44.26,184,102,1,2
1,0.82,2.39,3.94,0.0,6.96,86.0,21.09,22.54,66.32,149,132,2,3
0,0.55,7.1,3.91,1.0,5.47,108.0,21.26,20.08,79.58,113,103,1,2
0,0.28,2.63,0.19,5.0,3.71,207.0,21.02,11.22,124.44,126,41,1,2
0,0.19,8.63,,5.0,3.51,187.0,7.75,23.34,123.47,65,33,1,1
1,0.14,2.72,,1.0,3.14,148.0,22.91,10.35,99.46,11,208,1,2
1,0.51,7.21,0.95,0.0,5.06,29.0,12.03,20.6,35.5,142,90,2,2
0,0.99,6.36,4.3,2.0,7.65,94.0,12.48,19.95,72.36,15,196,1,1
1,0.87,8.54,1.67,0.0,,26.0,6.24,17.37,36.43,119,94,2,2
1,0.23,4.98,3.66,1.0,4.15,165.0,7.21,21.71,108.93,192,63,3,3
1,0.24,1.02,0.25,1.0,,81.0,20.07,15.97,67.69,178,163,1,3
1,0.04,6.46,3.5,3.0,3.08,172.0,22.22,5.69,106.98,37,200,2,2
0,0.19,2.56,2.62,1.0,3.89,19.0,20.61,14.06,35.83,83,124,1,2
1,0.23,4.45,0.11,3.0,3.44,105.0,19.4,19.85,74.45,84,145,2,1
1,0.59,6.46,1.36,5.0,5.82,83.0,5.07,16.06,65.65,97,117,1,2
1,0.78,9.84,0.73,,6.49,126.0,8.94,8.63,89.27,12,36,1,3
0,0.1,4.02,4.26,2.0,3.3,,24.65,24.74,40.96,152,74,2,3
1,0.2,1.85,1.34,5.0,3.44,30.0,12.2,5.49,41.94,193,201,3,3
0,0.08,1.49,2.6,2.0,2.95,98.0,24.66,10.78,76.75,144,103,1,2
0,0.39,8.11,0.3,0.0,4.7,88.0,5.94,8.7,68.84,105,71,3,2
0,0.21,8.44,4.84,7.0,4.04,148.0,11.64,22.61,101.97,43,44,2,2
1,0.64,7.07,3.22,3.0,6.17,24.0,22.25,7.42,33.16,137,115,1,2
0,0.87,1.3,1.46,5.0,7.16,162.0,6.69,13.22,109.24,47,84,1,3
1,0.03,4.42,1.7,1.0,2.26,204.0,11.94,6.13,129.41,173,83,1,3
1,0.81,8.21,1.8,1.0,6.6,28.0,10.33,16.32,34.92,144,30,2,2
0,0.35,2.95,1.06,5.0,3.87,177.0,13.16,24.88,115.99,186,100,3,1
0,0.98,7.45,3.47,7.0,7.51,182.0,14.5,6.82,118.01,177,96,3,2
1,0.59,4.2,0.01,2.0,5.95,68.0,21.61,23.9,58.58,191,111,2,3
1,0.59,5.36,1.69,5.0,5.5,169.0,15.43,7.31,105.81,137,147,1,2
0,0.36,6.72,0.82,1.0,4.3,,9.28,10.84,91.13,81,68,1,3
0,0.91,6.37,0.54,6.0,7.07,26.0,9.98,21.71,38.72,59,169,1,2
0,0.13,3.08,0.51,7.0,3.0,87.0,13.11,7.67,72.94,125,37,2,2
0,0.92,6.21,3.54,1.0,7.3,,7.71,16.19,50.13,61,81,1,2
1,0.82,2.5,2.85,4.0,6.95,43.0,5.48,18.92,44.44,172,129,3,3
1,0.23,4.76,3.43,1.0,3.6,131.0,8.96,16.68,89.62,197,64,1,2
0,0.78,0.7,2.08,5.0,6.73,51.0,23.74,5.6,54.09,55,120,2,2
0,1.0,8.69,2.74,7.0,7.72,200.0,7.28,23.81,128.22,93,132,1,2
0,0.66,8.01,2.51,7.0,6.21,108.0,19.51,10.43,83.13,33,192,1,1
1,0.06,1.66,0.24,7.0,3.01,181.0,20.49,18.21,120.31,84,144,3,3
0,0.8,0.06,0.97,3.0,6.27,132.0,16.95,18.38,95.81,120,61,1,3
0,0.5,3.52,2.95,6.0,4.64,183.0,11.18,23.22,113.88,55,193,2,2
0,0.87,0.48,2.28,0.0,6.89,180.0,15.28,11.21,116.87,55,96,1,2
0,0.77,6.06,0.24,1.0,5.91,45.0,19.39,6.83,44.18,170,112,2,2
1,0.12,3.64,4.52,7.0,3.47,180.0,13.85,6.24,116.29,183,180,2,3
0,0.14,0.83,2.54,3.0,3.21,38.0,24.09,13.21,46.04,169,209,1,1
0,0.08,5.03,1.03,3.0,2.85,,21.26,23.43,34.87,84,173,2,2
0,0.74,3.35,0.51,1.0,5.92,16.0,17.79,24.56,28.17,178,94,1,2
0,0.59,3.11,2.19,4.0,5.92,124.0,9.5,19.31,91.35,173,204,2,2
1,0.99,6.65,3.55,3.0,7.17,131.0,20.3,21.3,93.98,191,186,2,2
0,0.71,4.29,0.8,2.0,6.34,178.0,9.95,10.46,117.54,168,99,1,2
1,0.36,5.83,2.77,1.0,4.75,205.0,5.46,20.79,131.35,127,49,1,2
1,0.64,6.22,0.71,3.0,5.69,205.0,11.5,19.03,123.52,54,133,2,2
1,0.71,6.83,3.05,1.0,5.88,186.0,22.25,18.18,122.26,193,181,2,3
0,0.74,9.85,0.31,0.0,6.29,186.0,11.6,7.7,114.31,70,136,1,3
1,0.3,8.46,0.19,6.0,3.72,132.0,5.35,19.97,87.65,205,208,2,3
1,0.32,3.42,0.53,7.0,4.38,76.0,6.22,8.56,58.12,148,125,2,1
1,0.38,0.97,2.13,5.0,4.68,72.0,14.04,5.42,60.03,58,19,2,2
1,0.09,6.53,1.65,2.0,,86.0,9.01,14.77,70.24,107,29,2,3
0,0.63,9.0,1.29,6.0,6.03,151.0,16.41,24.6,105.43,171,152,1,1
0,0.22,6.87,4.05,7.0,3.76,102.0,20.63,14.95,72.7,138,21,1,2
0,0.52,8.18,4.44,2.0,4.78,,18.41,24.18,75.77,77,178,2,3
1,0.65,1.6,2.59,2.0,5.82,154.0,16.23,8.49,102.57,76,11,2,2
0,0.02,7.35,3.68,7.0,2.88,207.0,6.62,13.73,129.29,190,38,1,3
1,0.39,6.61,0.17,7.0,4.86,99.0,17.23,11.93,78.33,126,172,1,1
1,0.42,0.3,2.24,0.0,4.17,72.0,8.71,21.21,62.67,151,175,2,3
0,0.9,4.96,0.69,5.0,7.02,44.0,20.43,19.48,47.68,27,68,1,3
0,0.13,4.74,0.97,4.0,2.92,197.0,16.65,17.01,118.87,10,138,1,3
0,0.63,6.25,2.0,2.0,5.79,201.0,11.87,20.95,121.57,107,25,1,2
1,0.87,2.49,1.4,1.0,7.08,74.0,16.35,19.22,58.87,209,43,3,3
0,0.28,7.61,4.1,5.0,3.84,71.0,14.98,16.21,64.69,168,171,2,3
0,0.45,2.06,1.44,0.0,4.29,65.0,21.16,15.01,58.08,152,13,1,2
1,0.12,9.32,4.23,4.0,3.37,88.0,5.99,14.86,73.64,39,155,2,3
0,0.55,7.68,4.81,6.0,4.99,158.0,14.22,10.79,102.59,180,163,2,2
1,0.52,9.56,0.1,0.0,4.7,204.0,23.3,9.75,129.42,76,127,3,2
1,0.5,6.87,0.82,5.0,4.55,172.0,22.71,8.79,114.74,136,128,1,1
1,0.7,4.49,2.9,5.0,5.51,170.0,5.84,12.33,110.39,52,76,3,2
1,0.66,6.21,,0.0,5.87,76.0,6.14,11.9,58.98,12,143,2,2
0,0.65,8.24,3.56,3.0,6.08,167.0,6.9,18.86,113.47,15,102,1,2
0,1.0,5.14,0.92,6.0,7.56,59.0,24.27,11.29,55.16,71,150,3,1
0,0.62,4.58,1.07,0.0,5.96,160.0,18.79,22.39,109.62,117,54,2,3
1,0.93,3.75,4.87,5.0,7.51,,22.35,24.77,104.31,85,160,2,1
0,0.49,9.62,1.5,2.0,5.29,127.0,23.07,19.55,85.83,75,43,1,2
0,0.83,1.73,0.29,3.0,6.55,165.0,6.87,9.24,107.57,99,100,1,3
0,0.37,5.91,1.25,5.0,4.04,122.0,17.4,16.61,82.13,143,196,2,3
1,0.42,3.81,1.39,1.0,4.51,90.0,13.18,8.75,73.13,94,31,1,2
0,0.46,0.6,4.67,4.0,5.2,,14.84,22.04,39.85,96,12,1,1
1,0.24,8.57,0.63,4.0,3.81,101.0,14.04,15.16,76.39,166,71,1,1
0,0.61,6.13,3.59,1.0,5.86,168.0,9.83,24.49,108.74,120,15,2,2
1,,1.67,1.01,6.0,4.59,112.0,11.17,5.55,82.86,146,74,1,2
1,0.06,2.19,4.67,4.0,3.08,169.0,11.99,6.94,107.33,125,169,1,3
0,0.35,8.33,1.94,6.0,4.6,99.0,20.48,10.46,74.27,194,124,1,2
0,0.56,4.83,0.79,5.0,5.22,,5.15,12.35,43.41,54,86,3,2
0,0.19,4.56,2.6,6.0,3.47,194.0,15.0,17.03,121.53,108,158,1,3
1,0.99,4.43,1.14,4.0,7.94,86.0,5.67,16.8,68.38,54,20,2,3
0,0.01,9.38,3.74,7.0,2.33,,12.66,21.69,127.88,136,51,1,2
0,0.82,3.38,2.89,0.0,6.79,192.0,24.28,14.98,124.06,27,196,1,2
1,0.22,7.34,3.2,7.0,3.78,201.0,8.18,5.7,122.11,127,76,1,2
0,0.75,7.57,2.35,1.0,6.2,146.0,16.63,9.41,93.63,113,67,1,1
1,0.83,9.03,2.93,3.0,6.58,81.0,17.77,23.46,68.09,203,107,2,2
0,0.24,3.02,2.13,6.0,4.15,21.0,8.18,14.01,30.99,10,122,3,2
1,0.01,4.55,0.63,7.0,2.82,20.0,19.16,17.0,39.9,136,175,1,2
0,0.94,8.34,2.41,1.0,7.47,25.0,17.99,13.25,39.33,93,48,1,2
1,0.34,2.34,2.07,2.0,4.27,73.0,11.47,11.62,62.66,185,178,2,2
1,0.64,5.98,2.75,0.0,5.34,126.0,7.46,19.5,90.61,123,184,2,1
0,0.12,2.8,3.0,5.0,3.32,81.0,19.5,24.97,67.55,25,86,2,3
0,0.11,0.49,4.64,6.0,3.32,181.0,9.89,12.74,118.44,53,195,1,3
1,0.39,6.53,0.6,2.0,4.3,72.0,8.5,7.54,64.39,177,42,2,3
1,0.49,5.86,3.99,4.0,5.09,186.0,5.42,11.59,118.46,98,102,1,3
0,0.74,9.53,2.26,4.0,5.85,155.0,14.05,6.32,105.76,76,21,1,1
1,0.07,5.98,0.77,,2.59,197.0,7.23,6.98,124.04,209,96,2,3
1,0.39,6.06,0.83,5.0,4.68,79.0,22.85,12.99,67.99,118,164,1,2
0,0.06,2.8,4.52,6.0,2.79,176.0,10.96,12.48,108.54,182,173,1,2
1,0.01,4.42,3.76,3.0,2.57,184.0,9.0,13.97,115.05,138,19,2,3
0,0.24,3.99,0.32,5.0,3.43,161.0,19.57,19.99,106.16,34,77,2,2
1,0.8,4.81,2.35,3.0,6.6,39.0,8.63,16.53,45.26,166,100,2,2
0,0.41,4.12,4.82,3.0,4.67,37.0,17.69,15.72,47.13,204,123,1,2
1,0.73,5.13,3.74,7.0,5.9,99.0,19.17,15.22,76.7,55,27,3,2
0,0.69,2.27,2.24,5.0,5.67,203.0,12.1,23.11,129.29,186,35,2,1
1,0.91,1.17,2.55,5.0,,201.0,8.67,19.02,124.29,124,106,3,1
1,0.91,8.7,3.79,7.0,6.81,,21.22,19.45,68.42,188,125,3,3
1,0.24,6.95,0.14,1.0,3.44,195.0,18.15,19.92,118.93,151,77,3,2
1,0.58,0.58,4.99,5.0,5.3,66.0,13.15,10.71,61.66,125,202,1,2
1,0.4,2.87,4.37,5.0,4.19,197.0,5.16,15.67,124.07,80,16,2,1
0,0.58,4.75,2.23,1.0,5.75,196.0,16.15,20.22,120.89,198,189,3,3
1,0.95,0.38,2.55,0.0,7.35,104.0,23.81,21.7,74.52,54,142,2,2
0,0.45,1.54,1.21,5.0,4.49,28.0,14.74,14.62,37.8,200,11,2,3
0,0.74,1.02,4.7,1.0,6.2,193.0,13.83,15.47,119.64,186,71,1,2
1,0.67,0.66,3.67,3.0,6.15,142.0,9.16,8.84,96.77,123,24,1,2
1,0.21,5.4,0.86,4.0,3.54,55.0,19.62,16.48,53.03,126,89,1,2
0,0.56,2.57,3.9,3.0,5.38,54.0,15.22,24.82,55.68,69,64,2,1
1,0.89,5.71,1.16,2.0,7.23,141.0,20.33,22.1,92.21,64,204,2,2
1,0.23,1.3,4.48,6.0,3.6,16.0,5.05,11.64,36.41,61,106,1,1
1,0.29,0.15,0.41,7.0,4.44,143.0,14.29,12.41,97.4,206,52,1,3
0,0.47,2.81,1.38,4.0,5.25,80.0,23.3,6.92,62.06,22,44,2,3
1,0.87,4.57,3.64,,7.3,107.0,12.96,12.41,76.58,160,150,2,2
0,0.06,0.21,2.22,6.0,3.2,,18.8,21.91,56.3,198,75,3,2
0,0.44,1.33,2.28,4.0,,155.0,24.01,12.11,106.7,81,73,1,3
0,0.49,6.62,4.02,1.0,4.9,36.0,14.37,18.31,38.74,83,189,1,3
0,0.62,0.5,1.2,0.0,5.44,169.0,24.4,15.03,109.8,201,145,3,2
0,0.99,0.97,3.53,0.0,7.34,169.0,7.84,23.21,107.41,12,127,1,2
0,0.69,3.67,1.39,3.0,5.55,75.0,7.82,21.65,61.36,185,28,3,3
0,0.54,9.69,3.13,2.0,4.85,166.0,17.33,14.55,107.88,86,180,1,1
0,0.75,4.45,2.57,,6.67,31.0,15.99,14.13,45.15,145,17,1,2
0,0.97,7.05,2.5,2.0,7.18,,18.67,15.91,103.57,103,66,1,3
1,0.69,2.82,1.73,1.0,6.15,,7.83,15.77,36.39,169,17,1,1
1,0.59,1.57,4.11,2.0,5.77,204.0,21.43,10.19,123.33,23,144,1,1
1,0.72,7.11,2.68,1.0,6.24,177.0,20.45,16.09,118.24,85,129,3,2
1,0.63,2.96,4.39,5.0,5.41,200.0,10.02,5.66,128.33,204,149,1,1
1,0.6,9.47,3.23,5.0,5.7,181.0,10.15,5.84,119.81,78,61,2,3
1,,6.28,1.63,6.0,5.08,171.0,8.91,5.53,112.67,93,161,1,2
1,0.13,0.77,2.45,4.0,2.73,103.0,9.93,14.31,79.52,151,36,1,2
1,0.47,4.12,3.8,0.0,4.81,119.0,8.05,15.33,87.22,42,120,1,3
1,0.44,6.66,3.15,5.0,5.17,127.0,11.03,12.16,87.09,57,185,2,2
0,0.15,7.56,4.75,6.0,3.31,130.0,9.34,15.05,93.14,45,40,1,2
0,0.76,7.96,0.17,7.0,6.39,148.0,24.03,8.3,101.84,46,195,2,2
1,,7.62,4.13,,2.62,18.0,11.33,7.63,31.19,29,144,2,1
1,0.32,0.71,4.87,4.0,3.67,197.0,13.12,5.64,118.79,33,176,2,3
0,0.83,7.48,1.95,3.0,6.9,,13.37,21.82,49.52,202,204,1,1
0,0.95,0.11,0.71,0.0,7.57,101.0,17.61,22.24,71.74,122,180,1,2
1,0.16,5.48,0.75,2.0,3.3,158.0,12.49,20.71,104.04,117,136,1,2
0,0.59,0.17,1.51,7.0,5.36,,16.77,23.48,109.19,163,66,3,3
1,,3.67,0.82,3.0,3.42,201.0,5.14,24.44,127.34,137,152,1,1
0,0.82,4.8,1.42,4.0,6.59,,9.94,13.16,45.55,187,185,1,2
0,0.74,7.97,4.57,3.0,6.49,,8.56,13.86,98.58,125,191,1,2
1,0.68,9.27,1.19,3.0,5.67,,13.06,11.06,35.69,44,75,1,2
1,0.66,1.2,0.53,7.0,5.53,81.0,14.98,15.26,66.09,174,207,3,1
1,0.65,2.42,0.32,6.0,5.41,100.0,10.51,10.35,79.92,155,118,1,3
1,0.01,2.27,4.69,0.0,2.93,125.0,16.08,14.67,91.64,179,151,1,3
0,0.03,3.27,4.24,3.0,2.98,128.0,12.04,18.02,87.27,130,186,3,2
1,0.13,9.14,4.08,2.0,2.72,,8.67,19.15,41.28,172,36,2,3
0,0.8,7.42,2.07,7.0,6.45,70.0,14.28,15.83,57.23,156,179,1,3
0,0.56,4.37,2.56,7.0,4.9,143.0,17.49,5.72,97.69,22,142,1,2
1,0.51,4.39,3.3,4.0,5.02,13.0,12.12,7.05,29.47,77,109,1,3
1,0.39,8.22,3.16,2.0,4.89,,13.65,13.28,48.49,34,136,1,2
0,0.28,8.91,4.64,3.0,3.69,44.0,20.98,21.43,42.29,119,43,2,1
0,0.23,5.43,1.65,4.0,3.25,86.0,21.79,19.5,67.23,116,178,2,1
0,0.95,0.12,3.63,6.0,7.73,196.0,8.68,19.83,125.39,128,74,1,2
1,0.26,0.89,4.73,3.0,3.39,183.0,9.01,9.76,120.69,42,52,1,3
1,0.12,6.23,3.53,0.0,2.68,75.0,15.62,10.26,60.48,116,186,1,2
1,0.45,7.56,4.86,1.0,4.76,129.0,23.48,9.65,84.58,100,59,2,2
0,0.65,3.46,2.37,5.0,5.4,67.0,16.34,18.8,57.26,30,92,1,3
0,0.22,8.11,3.51,0.0,3.91,103.0,23.27,19.87,75.85,11,57,3,3
0,0.56,9.03,2.86,5.0,5.22,145.0,19.6,14.01,96.96,70,31,3,2
0,,5.97,3.19,3.0,3.05,70.0,9.48,24.17,62.48,35,45,2,3
1,0.35,9.84,5.0,5.0,4.26,,10.73,9.35,72.15,27,135,3,1
0,0.12,1.23,3.06,3.0,2.71,171.0,18.53,19.3,113.72,91,112,3,2
0,0.07,0.75,2.15,3.0,2.62,,20.57,22.26,37.57,20,166,1,3
0,0.71,9.37,3.37,6.0,,144.0,10.69,10.19,100.61,37,73,2,3
0,0.37,4.44,4.58,6.0,4.45,72.0,12.9,13.57,57.68,185,105,3,2
0,0.68,8.06,4.25,1.0,5.65,116.0,16.7,21.55,84.78,140,47,1,2
1,0.68,3.88,1.8,4.0,5.43,11.0,21.01,7.66,28.19,118,203,2,3
1,0.51,9.86,0.25,6.0,4.85,57.0,9.31,19.15,54.4,41,163,3,3
0,0.13,4.6,1.83,7.0,3.46,199.0,7.01,21.11,128.75,180,57,1,2
1,0.47,7.01,4.06,1.0,4.87,95.0,5.38,18.55,68.52,158,66,1,2
0,0.72,9.53,3.14,7.0,6.15,119.0,11.16,17.75,86.98,10,42,1,2
1,0.81,4.45,3.5,1.0,6.35,21.0,15.7,7.76,39.97,42,155,3,3
0,0.67,6.29,3.06,6.0,6.16,32.0,19.51,7.32,44.15,104,109,1,1
0,0.9,3.86,0.14,0.0,7.04,74.0,22.48,17.53,62.52,127,160,1,2
1,0.17,1.65,1.63,6.0,3.15,191.0,9.26,10.81,118.45,197,134,2,2
1,0.62,7.14,2.93,7.0,5.41,122.0,5.69,6.78,90.58,80,105,3,2
0,0.35,2.18,4.9,1.0,3.97,37.0,19.32,18.09,38.7,209,132,1,2
1,0.87,2.46,4.48,1.0,6.92,144.0,23.5,11.08,98.77,33,187,1,3
0,0.38,9.29,3.35,4.0,4.69,105.0,21.85,10.08,74.73,81,145,1,2
0,0.54,8.3,2.99,6.0,5.53,155.0,14.98,21.29,104.09,12,24,2,3
0,0.54,5.59,3.58,4.0,5.45,181.0,13.43,14.39,115.06,72,132,1,3
0,0.41,3.18,0.1,1.0,4.6,105.0,8.83,23.87,73.58,51,59,2,3
0,0.38,9.73,4.95,5.0,3.99,58.0,11.41,16.04,57.51,131,11,2,1
0,0.37,6.41,,3.0,4.83,99.0,16.19,24.7,72.88,42,152,2,2
0,0.82,0.14,0.36,1.0,6.15,22.0,18.22,13.16,34.11,190,97,1,3
0,0.25,2.37,0.97,5.0,4.09,151.0,23.86,19.99,96.38,42,126,1,3
1,0.1,3.62,0.57,0.0,2.94,33.0,16.25,20.39,44.64,95,144,3,2
1,0.89,8.29,2.72,4.0,6.54,73.0,20.77,16.44,63.35,20,50,3,2
0,0.29,5.47,4.52,7.0,3.89,149.0,17.97,20.59,103.26,143,44,2,1
0,0.71,3.18,2.1,1.0,6.53,,16.03,21.75,70.17,110,57,1,3
1,0.23,7.16,3.89,7.0,4.14,161.0,7.99,7.0,108.7,170,47,3,3
0,0.92,5.53,2.67,5.0,7.21,180.0,6.07,7.41,114.79,60,186,2,2
1,0.65,5.29,4.07,3.0,6.06,87.0,10.41,7.86,64.51,101,83,3,3
0,0.28,7.39,1.58,6.0,3.53,53.0,15.96,8.14,55.22,22,192,2,1
0,0.84,1.21,0.18,2.0,6.65,,7.11,9.39,100.15,102,39,2,2
1,0.79,3.09,0.15,2.0,6.11,152.0,8.79,6.37,97.99,36,164,3,2
0,,9.32,4.01,5.0,3.12,197.0,24.68,19.64,124.31,127,148,2,3
0,0.18,8.12,4.63,7.0,3.8,18.0,17.11,19.08,36.59,81,160,1,3
0,,2.28,4.0,1.0,3.11,,21.32,15.22,97.44,65,19,3,3
0,0.62,0.74,1.33,7.0,5.39,,17.89,11.38,123.11,146,73,2,2
0,0.11,8.1,1.04,1.0,3.54,138.0,9.88,23.86,92.61,47,88,1,3
0,0.22,5.16,1.03,7.0,3.31,15.0,7.84,21.9,33.73,55,33,1,2
1,0.85,4.17,2.28,7.0,6.37,105.0,5.73,15.23,75.69,96,188,3,2
1,0.08,7.2,3.56,0.0,2.6,88.0,18.75,5.95,72.35,118,76,1,3
0,0.02,7.25,1.78,4.0,2.82,64.0,17.22,20.53,56.05,21,188,2,2
0,0.04,2.75,4.28,5.0,2.52,75.0,9.18,23.76,58.25,175,81,3,1
1,0.13,7.47,1.87,5.0,3.26,53.0,6.99,13.22,46.58,62,82,1,2
0,0.17,6.58,,7.0,3.13,11.0,16.33,20.54,26.5,163,183,1,2
1,0.54,0.86,3.69,6.0,5.44,,16.22,6.93,99.19,143,62,1,3
1,0.46,9.55,1.69,7.0,4.51,125.0,14.93,5.12,88.68,204,130,1,2
0,0.77,9.48,0.9,3.0,6.16,168.0,5.11,9.44,105.5,100,155,1,2
0,0.9,9.48,3.17,4.0,6.71,143.0,14.53,20.6,98.56,130,141,1,3
0,0.46,0.85,1.95,5.0,5.12,,23.14,16.39,61.69,45,153,2,3
0,0.66,9.33,2.04,6.0,6.27,184.0,14.68,15.58,113.07,194,80,1,3
1,0.55,7.59,4.17,0.0,5.7,86.0,18.42,8.87,69.34,80,167,3,3
0,0.39,2.57,4.65,2.0,4.38,20.0,23.51,18.76,37.52,182,160,3,2
0,0.99,2.56,4.47,0.0,7.7,163.0,11.2,10.13,105.38,79,20,3,3
1,0.24,8.7,3.9,3.0,3.93,127.0,19.24,9.48,90.33,58,73,1,3
1,0.01,4.48,2.63,0.0,2.8,133.0,5.32,14.84,90.09,101,61,2,2
0,0.43,6.57,,4.0,4.73,126.0,11.86,18.79,86.48,111,88,3,2
1,0.04,2.53,0.82,3.0,2.28,,5.78,11.0,106.88,57,126,1,3
1,0.34,9.12,2.04,0.0,4.44,110.0,7.52,19.91,81.98,190,151,3,2
0,0.64,5.79,2.81,5.0,6.11,83.0,16.66,13.81,64.41,176,130,1,3
1,0.19,2.3,0.99,0.0,3.95,175.0,23.71,6.62,110.3,134,77,1,2
1,0.49,2.13,0.11,6.0,4.84,191.0,11.78,20.57,124.82,94,152,1,2
0,0.42,4.37,4.31,3.0,4.44,175.0,8.79,19.44,112.52,125,31,2,2
0,0.95,3.7,0.64,4.0,6.78,69.0,13.66,7.73,61.1,189,20,1,3
0,0.35,2.91,3.49,4.0,4.62,190.0,10.35,21.21,123.51,122,209,2,2
0,0.4,0.34,2.99,2.0,4.24,197.0,17.81,15.01,121.68,124,64,1,3
0,0.18,1.32,3.3,7.0,3.55,22.0,23.89,18.77,39.29,68,72,1,1
1,0.43,5.35,1.96,4.0,5.14,38.0,7.28,11.38,42.64,56,56,1,2
0,0.7,4.32,2.33,4.0,5.55,132.0,18.26,12.67,90.89,113,158,2,2
1,0.18,7.51,4.13,1.0,3.71,171.0,5.04,15.81,114.01,94,187,1,3
1,0.06,2.38,0.74,3.0,2.71,61.0,18.76,5.26,52.62,180,193,2,1
0,0.14,6.2,2.43,3.0,,201.0,20.86,13.9,125.55,94,101,2,3
0,0.23,5.13,1.09,7.0,3.79,134.0,8.93,14.44,93.09,203,182,2,2
1,0.17,9.66,1.0,5.0,3.4,147.0,24.99,14.54,94.8,11,165,1,2
0,0.41,2.05,2.68,0.0,4.13,,17.58,17.23,83.82,147,37,2,2
1,0.21,7.17,3.85,1.0,3.62,89.0,15.55,11.62,73.82,167,89,1,1
1,0.49,5.39,1.15,3.0,4.83,102.0,11.85,15.14,78.95,103,134,1,3
1,0.34,3.6,2.3,7.0,3.94,113.0,5.82,7.54,78.04,107,41,1,2
0,0.76,7.17,2.29,7.0,6.77,145.0,8.06,5.98,95.26,207,120,1,2
1,0.25,8.79,3.64,3.0,3.89,43.0,22.36,5.61,50.95,59,186,1,2
0,0.46,6.69,2.2,5.0,4.64,127.0,20.0,15.85,92.17,148,197,1,2
1,0.62,8.67,0.78,5.0,5.39,205.0,8.18,7.8,128.14,60,162,1,1
1,0.03,3.3,0.51,2.0,3.11,93.0,20.73,13.16,69.69,14,38,1,3
1,0.68,0.66,0.06,6.0,5.64,74.0,23.64,6.23,61.24,146,206,1,2
0,0.37,6.76,2.1,5.0,4.35,11.0,14.53,23.91,28.68,177,201,1,3
0,0.85,1.46,0.96,7.0,6.32,11.0,7.28,19.17,26.27,106,24,1,2
1,0.33,2.72,3.1,4.0,4.17,129.0,8.05,7.83,92.18,96,157,1,1
0,0.41,4.86,3.06,1.0,4.36,56.0,16.76,19.43,48.07,41,26,1,2
0,0.88,6.22,4.12,7.0,7.04,44.0,23.31,5.68,48.94,153,82,3,3
1,0.02,9.99,3.78,2.0,2.3,32.0,14.41,9.27,39.81,156,175,3,2
1,0.22,2.19,0.31,7.0,3.52,,8.63,5.7,49.63,182,19,2,2
1,0.21,5.13,3.18,1.0,3.39,88.0,22.17,8.44,65.36,42,165,2,3
0,0.32,8.64,4.56,7.0,4.5,79.0,17.25,13.24,64.29,138,91,2,1
1,0.16,3.22,2.97,1.0,3.47,173.0,16.58,8.65,108.09,103,59,2,3
1,0.77,5.46,2.56,3.0,6.74,186.0,6.91,18.6,120.09,32,178,2,2
0,0.74,3.87,0.05,6.0,5.98,201.0,24.54,7.36,121.36,94,20,1,3
1,0.82,2.96,2.03,3.0,6.74,172.0,23.04,21.8,113.08,179,30,3,3
0,0.69,7.8,4.42,4.0,6.4,101.0,22.85,15.68,73.0,141,165,1,1
1,0.09,6.58,2.09,0.0,,97.0,14.58,17.43,70.61,199,129,2,2
1,0.24,7.16,0.27,1.0,3.64,176.0,20.15,13.08,113.29,151,30,2,3
0,0.99,1.7,0.79,6.0,7.83,157.0,13.17,5.94,101.82,174,23,3,2
1,0.62,6.74,3.58,1.0,5.57,179.0,13.31,14.03,118.99,163,97,3,1
0,0.59,6.72,4.49,5.0,4.98,14.0,10.06,15.97,36.21,190,149,2,1
0,,2.42,4.8,5.0,2.78,105.0,19.58,17.79,76.38,49,111,1,2
0,0.89,9.26,3.28,5.0,7.02,52.0,15.19,7.47,51.93,59,26,3,2
0,0.96,7.87,1.72,0.0,7.15,,23.21,18.62,127.51,162,85,1,2
1,0.49,4.84,0.51,4.0,4.89,37.0,18.35,22.95,41.63,149,192,1,2
1,0.84,7.23,2.23,5.0,6.89,116.0,6.97,19.62,80.28,111,92,2,2
0,0.1,8.86,4.87,1.0,3.26,19.0,19.4,18.58,37.96,117,179,1,3
0,0.39,6.11,2.9,3.0,4.03,201.0,16.78,12.39,121.68,201,152,2,2
0,0.61,5.81,3.73,7.0,5.97,130.0,12.21,10.53,91.2,100,30,3,3
1,0.98,9.24,1.54,1.0,7.67,122.0,15.41,20.4,90.65,188,62,3,1
1,0.71,0.82,3.04,4.0,6.24,80.0,7.97,23.4,69.07,90,115,2,1
1,0.3,1.07,1.82,3.0,3.97,18.0,7.13,7.78,38.45,16,147,1,3
0,0.54,1.86,4.78,5.0,5.44,50.0,12.48,18.27,51.62,207,50,2,2
0,0.12,4.91,3.05,3.0,2.71,,19.88,20.52,102.69,142,11,3,2
1,0.06,6.65,2.6,3.0,2.47,201.0,16.1,7.04,125.59,198,179,1,2
1,0.5,7.07,4.29,1.0,5.19,,12.31,17.12,118.73,172,131,3,2
1,0.96,2.92,2.1,3.0,7.05,22.0,10.11,7.15,32.74,29,34,3,2
1,0.02,0.62,0.84,1.0,2.69,53.0,6.78,9.88,49.19,159,61,1,3
1,0.8,6.41,1.77,1.0,6.9,64.0,20.75,13.72,59.79,207,152,2,1
0,0.96,5.57,2.52,1.0,7.77,160.0,11.97,22.1,101.01,166,84,1,1
0,0.78,6.11,4.33,7.0,6.34,190.0,17.24,7.65,124.88,67,77,3,1
0,0.86,4.49,1.15,1.0,6.57,137.0,17.19,16.56,89.21,47,136,1,3
0,0.17,8.39,2.13,5.0,3.79,196.0,8.26,20.38,122.91,85,80,2,2
1,0.37,1.44,3.24,4.0,4.61,29.0,7.83,10.23,39.78,199,177,3,3
1,0.59,0.63,3.58,3.0,5.76,118.0,9.77,11.73,84.17,93,99,3,2
0,0.55,6.23,2.08,1.0,5.36,80.0,11.39,23.9,61.88,79,25,1,1
0,0.84,1.94,1.69,5.0,6.98,80.0,8.36,16.13,63.6,71,52,1,2
0,0.67,6.75,1.77,6.0,5.38,,21.21,16.29,102.51,204,32,3,3
0,0.42,8.54,1.44,3.0,4.43,167.0,18.88,23.43,106.28,207,150,1,2
1,0.0,9.1,2.67,0.0,2.45,136.0,15.1,11.49,89.74,108,98,2,3
0,0.49,0.41,4.71,1.0,5.25,165.0,9.69,24.75,107.5,69,147,2,3
1,0.01,5.99,3.61,4.0,2.26,92.0,12.74,5.77,69.56,176,167,2,2
0,0.45,1.2,4.9,4.0,5.2,161.0,21.85,9.34,102.17,151,163,1,2
1,0.44,3.02,0.14,0.0,5.19,144.0,13.86,17.75,100.11,148,39,1,1
1,0.28,6.81,2.04,5.0,4.12,158.0,10.55,9.24,108.63,60,195,3,1
0,0.45,2.19,2.03,2.0,4.8,84.0,8.33,24.94,70.36,24,89,1,1
1,0.2,5.31,0.14,3.0,3.81,18.0,12.17,7.37,29.35,41,198,3,2
1,0.68,1.04,3.99,1.0,6.17,172.0,23.74,6.39,114.82,87,19,2,1
1,0.5,8.25,3.28,2.0,5.22,122.0,17.15,11.89,83.59,183,88,3,2
0,0.84,6.02,2.09,1.0,6.92,,9.4,8.89,111.06,122,190,2,1
0,0.28,5.37,3.47,3.0,4.25,62.0,16.74,13.01,54.89,201,30,1,3
1,0.15,3.06,1.91,2.0,,21.0,6.37,16.29,40.1,105,169,1,3
0,0.26,4.51,1.94,7.0,3.86,180.0,8.16,12.05,119.5,198,178,1,3
0,0.1,0.65,1.18,3.0,3.47,,16.83,17.86,44.36,193,177,2,3
1,0.81,4.53,1.79,3.0,6.98,159.0,7.96,24.97,108.5,202,80,2,1
0,0.78,5.79,4.15,0.0,5.99,166.0,11.75,13.41,110.72,198,19,1,2
0,0.61,4.28,4.89,2.0,6.05,,7.54,20.25,40.08,140,154,1,3
1,0.81,0.54,3.64,7.0,6.94,101.0,7.06,16.37,77.93,69,123,2,2
1,0.97,4.25,2.38,5.0,7.46,39.0,8.47,23.28,44.87,97,33,2,2
0,0.27,9.63,2.69,5.0,3.5,66.0,24.99,12.52,60.27,94,202,2,1
0,0.01,8.33,2.32,0.0,2.72,15.0,17.38,19.31,33.05,20,74,1,1
1,0.1,7.07,0.63,5.0,2.63,185.0,13.23,12.94,120.57,206,112,3,2
0,0.09,9.35,2.35,2.0,2.62,17.0,13.77,18.53,30.93,48,67,1,3
0,0.62,7.97,4.64,4.0,5.76,153.0,21.03,13.36,100.67,62,123,2,2
0,0.57,5.9,2.77,3.0,5.41,31.0,23.03,16.11,41.52,90,36,3,2
1,0.66,8.44,2.19,1.0,5.82,136.0,7.63,21.2,89.4,69,18,2,2
0,0.77,2.64,2.41,6.0,,155.0,11.19,7.77,106.1,31,190,1,2
1,0.84,0.29,0.07,6.0,6.58,67.0,12.63,13.16,54.37,117,81,3,2
1,0.93,2.2,0.45,5.0,7.63,160.0,9.19,13.14,102.95,192,182,2,1
0,0.89,4.14,3.26,5.0,7.05,143.0,5.48,13.43,92.45,190,19,1,3
1,0.17,9.73,0.51,5.0,3.3,101.0,24.84,21.02,73.57,184,60,3,2
1,0.33,9.56,0.23,1.0,3.94,169.0,9.21,20.7,107.2,92,138,2,3
0,0.73,6.32,1.91,0.0,6.05,119.0,9.47,9.64,81.8,125,187,3,3
0,0.62,6.86,2.91,4.0,5.28,140.0,22.43,17.41,96.85,155,201,2,1
1,0.12,0.2,3.31,5.0,3.07,69.0,10.35,9.48,56.72,150,10,1,2
0,0.73,9.54,3.48,5.0,6.03,35.0,10.72,11.01,38.43,117,21,2,1
1,0.49,4.3,0.89,1.0,5.25,207.0,12.29,22.72,132.98,169,84,2,1
0,0.03,1.63,1.84,5.0,2.7,51.0,17.33,15.19,55.47,62,187,1,1
1,0.32,3.06,1.17,0.0,4.16,74.0,18.45,11.57,61.33,70,139,1,3
0,0.96,5.72,4.72,6.0,7.4,14.0,16.89,24.91,33.15,188,51,1,2
1,0.56,9.84,1.22,1.0,5.8,27.0,17.19,13.39,39.75,171,86,2,2
1,0.85,1.88,0.14,5.0,6.6,137.0,17.69,22.42,95.04,203,64,2,3
0,0.89,4.13,3.3,6.0,6.77,107.0,7.33,11.36,79.36,113,110,3,3
0,0.86,0.94,1.64,2.0,6.84,32.0,7.74,11.38,38.07,175,104,2,2
0,0.65,2.97,4.12,6.0,5.8,175.0,8.76,23.77,114.45,156,34,3,3
0,0.33,9.93,1.62,3.0,4.42,129.0,9.95,23.8,86.37,138,50,3,1
0,0.55,7.47,1.42,2.0,5.61,135.0,8.26,22.94,94.08,154,23,1,3
1,0.69,8.78,2.7,2.0,5.52,155.0,22.44,5.33,103.34,155,190,3,2
1,0.11,4.22,3.58,1.0,3.1,199.0,19.78,9.92,124.91,13,10,2,2
0,0.68,4.08,1.34,1.0,6.07,,13.28,22.45,100.9,35,97,2,2
0,0.25,0.63,3.81,4.0,4.1,123.0,23.33,15.1,91.02,42,70,2,3
0,0.78,1.06,2.23,2.0,6.74,206.0,15.19,6.52,126.97,152,173,3,1
1,0.09,6.77,0.77,7.0,2.48,145.0,15.64,21.0,97.43,37,55,1,3
1,0.6,4.52,2.99,4.0,5.58,12.0,16.62,6.28,33.29,187,74,1,2
1,0.52,3.99,4.94,,5.32,160.0,14.97,8.28,106.5,152,62,1,2
0,0.35,5.34,2.84,2.0,3.79,160.0,6.01,23.26,108.3,54,94,2,2
1,0.37,5.7,3.54,5.0,4.41,49.0,6.65,13.65,46.57,92,167,1,3
0,0.79,7.58,4.16,6.0,6.36,31.0,15.45,10.23,40.4,188,189,1,2
0,0.78,3.16,4.86,5.0,6.29,115.0,21.87,5.06,77.96,54,194,2,2
0,0.19,0.78,4.15,6.0,3.59,70.0,16.6,18.54,61.17,162,84,1,2
1,0.21,7.49,2.46,4.0,3.17,192.0,9.24,8.04,120.95,64,31,2,3
0,0.16,7.57,4.69,2.0,3.42,164.0,16.18,18.61,107.45,95,162,2,2
0,0.25,8.8,2.03,7.0,3.54,82.0,10.37,24.88,65.72,192,143,1,2
1,0.09,0.0,2.01,5.0,2.82,171.0,16.17,5.16,111.38,162,135,2,1
1,0.18,7.11,3.08,1.0,3.88,191.0,12.9,12.23,123.89,133,127,3,3
0,0.56,0.19,4.39,5.0,5.57,,24.28,10.08,123.5,155,207,3,3
0,0.52,6.85,3.2,7.0,5.15,29.0,19.12,14.74,41.43,102,139,2,1
1,0.27,2.37,0.21,1.0,4.08,97.0,7.82,21.38,78.43,190,34,1,3
1,0.41,7.14,3.24,0.0,4.67,82.0,11.57,20.51,68.08,147,103,2,1
1,0.37,6.56,2.36,5.0,3.99,196.0,15.24,9.41,122.39,82,77,3,1
1,0.35,0.95,3.05,5.0,3.81,57.0,11.4,8.73,57.35,124,62,2,3
0,0.07,2.4,1.54,7.0,3.1,170.0,17.35,12.92,106.29,207,174,2,2
1,0.89,4.18,0.26,0.0,6.48,97.0,12.78,20.94,77.98,17,84,2,2
0,0.8,2.94,3.33,5.0,6.46,,21.94,8.37,85.44,71,196,2,3
0,1.0,6.08,3.02,3.0,7.12,187.0,8.46,21.2,123.23,106,130,1,3
0,0.36,2.83,2.6,5.0,4.06,91.0,23.89,23.27,68.11,159,163,1,2
0,0.31,8.16,4.64,7.0,3.65,143.0,13.0,16.77,96.85,141,59,1,3
0,0.14,6.43,0.88,7.0,3.69,54.0,20.02,22.19,56.51,13,124,1,2
0,0.08,8.5,2.61,6.0,2.97,76.0,23.93,21.44,62.29,53,195,3,3
0,0.47,3.89,4.08,4.0,4.79,134.0,22.62,7.7,95.61,18,146,1,3
1,0.75,4.11,1.66,0.0,6.08,202.0,8.3,24.53,125.93,77,58,2,1
1,0.27,9.39,0.96,3.0,3.92,72.0,15.61,6.03,65.4,166,75,3,2
1,0.93,2.65,3.26,6.0,7.37,34.0,15.6,13.24,38.39,125,37,3,2
1,,3.6,0.6,1.0,4.79,185.0,24.24,24.57,117.96,208,206,1,3
0,0.94,3.98,4.51,4.0,7.2,167.0,16.62,17.41,103.63,39,123,1,1
1,0.98,8.38,0.77,5.0,7.7,143.0,6.66,20.35,101.09,19,30,3,3
0,0.93,9.16,1.04,4.0,7.3,20.0,19.26,7.04,36.04,112,106,2,1
0,0.82,4.23,2.42,7.0,7.09,,13.06,15.38,105.05,14,106,1,2
1,0.72,6.0,0.16,6.0,5.72,85.0,17.72,21.61,66.35,193,202,3,2
1,0.1,4.98,0.12,3.0,3.12,207.0,17.14,9.18,125.4,109,108,1,3
1,0.41,0.07,0.93,6.0,4.79,84.0,15.92,10.55,63.13,140,80,2,2
1,0.04,8.67,0.6,4.0,2.89,22.0,14.24,11.61,37.9,173,89,1,2
0,0.86,5.35,4.0,2.0,7.1,98.0,12.89,19.38,71.41,31,112,1,2
1,0.9,1.13,3.47,0.0,6.84,180.0,13.02,21.04,116.87,138,59,2,2
1,0.3,1.15,3.48,2.0,3.91,,13.42,10.76,55.87,53,164,2,3
0,0.48,3.36,1.06,6.0,5.09,19.0,22.76,5.28,32.13,135,208,2,3
0,0.2,9.01,2.94,7.0,3.44,67.0,13.25,23.8,60.2,201,62,1,2
0,0.07,8.11,4.86,3.0,2.67,124.0,8.84,20.55,82.99,206,197,1,2
1,0.35,4.0,4.98,1.0,4.55,,9.52,10.4,106.62,54,162,1,2
0,0.52,2.97,2.8,6.0,4.61,110.0,22.57,21.07,80.89,159,76,3,2
1,0.16,9.07,4.56,1.0,3.27,38.0,5.63,14.75,43.65,191,60,3,2
1,0.14,3.21,2.42,1.0,2.86,119.0,5.53,8.96,88.66,209,22,1,1
1,0.5,0.49,3.6,1.0,4.54,154.0,10.78,12.08,103.96,72,187,1,3
1,0.18,5.8,0.42,1.0,3.17,154.0,12.64,24.06,105.01,120,205,1,3
0,0.7,8.61,1.94,4.0,6.12,69.0,23.38,24.86,62.11,132,105,1,1
0,0.58,3.49,0.34,6.0,5.65,124.0,16.47,17.57,85.53,22,22,1,2
1,0.18,0.27,0.63,7.0,3.86,193.0,11.68,19.44,117.28,22,176,1,1
1,0.7,1.64,1.11,2.0,6.31,59.0,21.3,7.24,54.94,45,185,3,2
0,0.07,1.96,4.49,6.0,3.06,67.0,17.34,14.8,60.22,184,84,1,2
0,0.98,7.65,0.96,5.0,7.08,70.0,23.82,5.68,63.86,207,193,1,2
1,0.33,0.77,0.23,5.0,3.9,150.0,23.99,22.26,101.62,172,96,1,1
0,0.45,8.19,1.75,3.0,4.48,25.0,12.53,17.83,42.04,49,38,1,2
0,0.4,4.2,1.63,0.0,4.71,174.0,19.99,18.38,109.74,129,109,1,2
0,0.73,9.48,4.04,0.0,6.65,30.0,8.05,12.24,39.99,49,119,1,3
0,0.89,9.59,0.47,1.0,6.66,,20.33,15.58,84.83,44,161,1,3
0,0.21,1.92,2.63,6.0,3.84,13.0,6.58,24.56,34.31,137,200,2,2
0,0.73,2.48,2.3,6.0,6.34,71.0,17.01,17.18,62.2,132,95,1,2
0,0.39,2.12,4.21,3.0,4.45,177.0,22.59,18.63,113.57,78,205,1,1
1,0.53,3.55,1.03,1.0,4.83,36.0,9.09,10.22,45.7,142,84,3,2
0,0.94,9.0,4.79,2.0,7.09,51.0,14.31,21.55,55.34,49,37,1,3
1,0.48,6.84,1.12,1.0,5.29,122.0,12.46,5.44,82.64,84,200,1,1
0,0.4,8.37,0.21,2.0,4.6,10.0,13.55,18.67,34.04,122,54,1,3
0,0.2,0.65,2.46,2.0,3.55,83.0,15.81,14.8,62.43,148,70,3,1
1,0.56,9.67,0.56,1.0,5.6,206.0,7.94,14.56,124.37,185,147,3,3
0,0.95,9.66,0.24,7.0,7.5,207.0,20.17,23.26,127.68,159,100,1,1
1,0.5,3.47,1.4,0.0,4.81,188.0,10.57,12.81,115.44,70,77,1,1
0,0.48,7.77,1.72,2.0,5.03,86.0,24.82,9.43,70.46,127,73,3,3
1,0.37,2.59,3.74,0.0,4.13,96.0,7.32,20.62,73.66,94,206,2,2
0,0.9,6.05,,5.0,6.74,37.0,7.17,24.35,48.46,81,182,1,3
0,0.8,2.69,2.89,3.0,6.39,95.0,7.2,11.6,72.5,195,68,2,3
0,0.61,7.34,3.1,6.0,5.68,79.0,21.1,17.13,63.1,114,176,1,2
1,0.15,1.37,2.52,1.0,3.1,28.0,17.08,14.33,42.73,15,176,3,2
0,0.95,9.96,2.66,2.0,7.37,113.0,10.82,17.69,81.42,168,38,1,1
0,0.57,8.39,3.29,7.0,5.0,196.0,5.33,14.81,126.35,181,132,1,1
1,0.88,6.64,1.58,0.0,7.28,136.0,14.41,24.12,94.83,84,35,2,2
0,0.78,2.26,0.62,6.0,6.67,11.0,6.26,7.67,29.12,149,206,3,3
1,0.71,6.53,4.18,5.0,6.12,204.0,23.39,24.3,125.5,143,105,2,1
0,0.9,5.85,3.35,7.0,7.03,89.0,13.0,7.5,64.5,79,90,2,1
0,0.61,9.12,3.15,6.0,5.54,,7.57,22.26,33.28,117,92,2,2
0,0.54,2.92,4.16,2.0,5.39,198.0,18.02,13.57,125.51,131,136,2,2
1,0.23,6.56,1.19,5.0,3.59,190.0,7.56,11.45,116.91,19,152,2,3
0,0.95,2.08,0.17,1.0,6.97,181.0,9.0,5.52,111.29,74,199,1,1
1,0.27,3.57,4.08,1.0,3.65,203.0,22.51,10.16,128.51,181,184,1,1
1,0.08,7.89,0.98,0.0,3.14,23.0,5.34,20.22,37.41,71,186,3,2
0,0.73,7.55,0.9,7.0,5.8,135.0,24.95,11.71,95.39,122,13,2,1
1,0.53,7.59,2.16,5.0,4.89,37.0,15.06,7.37,45.74,45,183,3,2
0,0.88,5.8,3.46,4.0,7.16,139.0,5.59,13.55,97.08,132,201,1,1
1,0.71,4.87,4.48,5.0,6.01,109.0,17.63,21.52,82.11,179,177,2,2
1,0.17,3.96,0.83,2.0,3.04,172.0,15.15,13.21,115.61,37,155,2,1
1,0.03,6.47,0.38,4.0,2.92,98.0,10.22,20.73,69.31,103,152,3,3
0,0.87,2.23,1.8,1.0,7.14,146.0,7.76,20.84,97.66,54,205,1,2
0,0.11,9.27,3.94,5.0,2.8,35.0,17.46,24.01,44.69,125,186,3,2
0,0.18,2.96,2.92,3.0,3.64,50.0,24.57,23.51,54.88,195,156,2,2
0,0.86,5.54,3.69,3.0,6.3,52.0,11.73,13.95,47.9,130,10,1,2
0,0.77,0.13,3.48,4.0,,148.0,19.28,7.35,98.69,61,208,1,2
0,0.87,7.54,0.86,7.0,6.56,86.0,5.1,8.38,70.83,27,68,2,3
0,0.91,9.99,3.7,6.0,7.46,15.0,23.23,10.48,36.11,51,175,2,2
0,0.83,2.24,4.51,3.0,6.4,46.0,24.36,18.38,49.57,134,130,1,2
1,0.5,7.61,1.78,4.0,4.55,,7.4,13.92,85.48,110,203,2,1
1,0.65,7.31,3.05,1.0,5.83,177.0,14.09,11.84,111.72,198,12,2,3
0,0.9,7.18,0.73,2.0,7.3,199.0,7.08,13.27,128.77,152,180,1,2
1,0.3,8.25,0.81,6.0,4.36,40.0,22.96,13.76,45.92,154,99,3,3
0,0.95,1.45,4.54,0.0,6.77,163.0,22.25,21.66,111.34,54,202,1,3
1,0.14,3.54,1.62,0.0,,50.0,16.35,14.94,52.22,205,70,3,2
0,0.14,8.46,2.83,4.0,3.49,138.0,17.5,11.78,92.36,39,144,2,2
1,0.48,8.56,4.14,5.0,5.1,,9.58,10.42,58.43,131,207,2,1
0,0.6,3.84,1.51,3.0,5.17,148.0,21.85,14.1,96.82,77,46,1,2
1,0.08,7.76,1.71,4.0,2.92,177.0,14.11,7.73,116.9,147,19,1,3
0,0.41,4.07,4.94,5.0,4.16,29.0,22.6,24.59,41.18,65,58,1,1
1,0.97,7.65,,5.0,7.25,25.0,6.21,16.39,37.43,147,113,2,3
1,0.72,8.41,4.38,1.0,6.09,57.0,7.96,12.92,53.23,90,203,2,3
0,0.58,0.44,,6.0,5.83,165.0,14.33,24.57,108.17,107,19,1,3
1,0.24,1.0,3.83,1.0,3.42,117.0,21.33,9.3,83.5,135,184,1,3
0,0.41,2.04,4.37,5.0,4.55,,9.74,16.54,30.53,102,208,3,3
1,0.38,7.76,1.09,4.0,4.25,185.0,17.24,6.14,119.14,152,84,1,2
1,0.08,2.79,0.74,7.0,2.98,104.0,11.73,6.37,80.66,49,177,2,3
1,0.46,3.06,3.08,6.0,4.85,102.0,14.69,5.43,73.72,82,115,1,1
0,0.08,9.28,2.42,7.0,3.2,145.0,23.34,14.91,95.42,144,200,1,3
0,0.96,8.68,1.86,1.0,7.1,,23.83,21.21,52.23,17,190,1,3
0,0.58,5.23,0.57,0.0,5.88,16.0,21.74,22.11,35.35,22,100,2,1
1,0.03,6.97,2.88,3.0,2.45,148.0,16.62,6.42,95.41,75,112,1,3
1,0.53,7.08,2.53,3.0,5.52,44.0,20.45,7.26,48.61,137,127,2,2
0,0.69,5.44,2.56,4.0,6.23,85.0,6.61,20.4,68.69,10,19,1,3
0,1.0,2.16,3.11,0.0,7.51,99.0,11.18,9.46,75.97,93,60,1,3
1,0.4,3.66,0.42,5.0,4.73,99.0,24.92,14.99,73.72,197,59,2,2
1,0.44,0.69,0.52,4.0,5.16,90.0,6.74,12.52,71.8,175,32,3,2
0,0.56,1.07,4.63,5.0,5.54,141.0,14.9,24.09,94.17,162,122,1,2
0,0.7,8.21,4.35,4.0,6.19,101.0,19.42,23.84,74.35,29,104,2,2
0,0.55,9.07,2.08,5.0,5.45,96.0,20.64,10.77,70.07,103,18,1,2
1,0.17,6.31,2.6,3.0,3.72,177.0,22.89,5.52,112.47,43,28,1,1
0,0.74,2.55,4.33,6.0,5.9,,23.01,5.32,94.1,154,32,1,1
0,0.83,0.02,2.1,4.0,6.28,116.0,7.57,7.0,85.3,39,21,1,1
0,0.22,8.86,4.5,3.0,3.76,126.0,11.07,17.9,88.23,146,134,1,1
0,0.08,8.85,1.71,2.0,2.61,150.0,19.06,14.55,101.92,34,199,1,1
0,0.2,0.17,4.78,5.0,3.38,50.0,20.11,13.87,54.17,39,60,1,2
0,0.76,5.44,3.4,5.0,6.59,111.0,20.86,5.96,81.92,73,11,1,1
0,0.02,1.67,4.07,3.0,2.38,111.0,19.74,24.23,76.36,164,55,3,1
0,0.03,4.87,4.0,0.0,2.6,154.0,17.6,21.17,100.84,97,39,1,1
0,0.01,7.43,1.26,3.0,2.06,31.0,17.5,11.69,44.01,109,144,1,1
1,0.15,0.8,0.13,5.0,3.51,164.0,13.13,16.09,107.3,153,100,1,3
1,0.96,2.59,4.73,0.0,7.48,128.0,15.88,16.33,88.97,44,165,2,3
1,0.1,4.02,0.19,6.0,2.54,41.0,21.78,11.11,44.22,15,146,2,2
1,0.89,0.88,1.77,,7.45,120.0,18.97,19.21,89.55,154,182,3,3
1,0.73,0.32,4.17,3.0,6.51,76.0,21.58,16.19,60.02,197,24,3,2
0,,6.7,4.41,1.0,3.84,182.0,17.25,24.63,118.33,109,206,2,2
0,0.97,9.24,2.91,3.0,7.53,144.0,17.69,9.7,98.27,190,15,2,2
0,0.84,3.99,2.49,2.0,6.45,109.0,19.37,9.15,83.15,84,79,2,2
0,0.41,4.25,1.25,1.0,4.46,138.0,19.62,17.9,94.37,154,189,2,2
1,0.25,5.03,2.16,2.0,3.93,149.0,18.41,5.23,97.51,58,118,3,2
1,0.15,9.19,3.23,,3.18,152.0,18.28,9.62,99.68,107,134,1,2
0,0.9,7.48,2.68,6.0,6.67,,15.49,10.49,94.43,54,22,1,2
1,0.29,8.32,0.03,4.0,3.87,12.0,15.43,13.44,32.82,160,159,3,1
1,0.27,9.51,3.43,6.0,3.66,,5.06,12.93,93.01,160,47,2,1
1,0.93,3.8,2.06,6.0,7.12,199.0,14.36,20.49,128.18,175,186,2,2
1,0.7,4.49,1.04,0.0,5.77,153.0,11.99,6.19,101.41,186,187,1,1
1,0.86,9.54,3.2,1.0,7.12,10.0,5.41,12.51,27.86,124,206,3,2
1,0.25,2.04,0.45,2.0,4.18,76.0,19.94,16.66,65.69,186,46,2,2
0,0.35,2.95,2.71,7.0,4.47,207.0,21.18,10.44,126.01,57,101,3,2
0,0.49,5.54,1.57,0.0,5.13,,19.38,17.47,119.48,197,18,1,3
1,0.07,3.65,1.07,2.0,2.36,47.0,7.53,15.08,44.68,38,74,3,2
1,0.78,4.51,1.93,2.0,6.08,102.0,7.26,13.25,80.18,171,36,3,3
1,0.16,5.49,0.73,2.0,3.44,129.0,12.11,16.27,88.64,21,168,2,1
1,0.62,2.31,2.02,2.0,5.64,75.0,7.44,10.88,64.07,149,149,1,1
1,0.27,8.41,4.34,1.0,4.28,89.0,19.45,5.92,65.89,44,67,1,3
0,0.39,8.04,4.98,6.0,4.06,94.0,11.9,24.08,69.26,75,178,1,1
1,0.03,9.95,1.22,2.0,2.38,67.0,13.68,7.73,55.38,140,133,2,3
1,0.25,8.61,3.99,0.0,3.82,131.0,15.08,12.88,88.55,102,194,2,3
0,0.57,3.73,3.97,4.0,5.78,111.0,17.76,16.51,82.62,94,176,1,1
0,0.93,9.85,0.18,2.0,6.73,163.0,6.53,22.55,108.91,194,65,1,2
1,0.86,7.54,4.91,1.0,6.72,17.0,6.32,24.65,29.5,13,65,2,2
1,0.07,5.08,1.36,2.0,2.81,180.0,9.08,14.55,111.46,22,50,1,2
1,0.18,3.77,2.55,4.0,3.26,150.0,12.96,7.72,104.57,132,123,3,3
1,0.79,7.94,2.75,,6.42,44.0,9.59,13.39,42.82,37,100,2,2
0,0.58,7.21,4.55,1.0,5.5,147.0,19.41,14.51,94.43,64,61,1,2
0,0.55,4.75,,5.0,5.46,167.0,15.37,20.4,110.67,48,113,2,1
0,0.88,1.61,4.36,1.0,7.25,46.0,19.19,5.89,46.72,158,90,1,3
1,0.55,0.52,1.92,2.0,5.0,178.0,10.52,9.99,113.84,66,74,1,1
1,0.57,4.05,0.81,2.0,5.2,59.0,20.27,19.63,54.72,182,150,1,3
1,0.97,5.69,1.21,4.0,7.32,95.0,12.51,6.43,75.52,18,134,3,3
0,0.66,9.56,3.1,0.0,5.36,135.0,24.27,21.0,91.82,91,30,3,2
1,0.79,9.91,0.82,0.0,6.3,,21.06,16.37,76.55,136,26,2,2
1,0.12,9.58,0.2,3.0,2.63,130.0,16.44,21.3,94.16,109,116,1,2
0,0.87,1.51,3.4,1.0,6.98,74.0,7.96,24.72,60.86,32,166,1,2
1,0.19,9.91,3.26,,2.96,169.0,8.09,5.63,112.02,66,97,2,1
1,0.92,1.38,4.28,5.0,7.42,202.0,15.61,22.12,123.08,11,58,2,3
1,0.87,8.66,0.61,2.0,7.26,99.0,11.23,16.64,71.76,193,20,3,3
0,0.46,2.16,4.47,4.0,4.52,165.0,23.16,22.41,112.13,135,22,3,2
0,0.81,1.56,2.88,6.0,,142.0,13.17,21.19,94.21,47,87,1,3
0,0.89,7.95,0.36,,6.56,168.0,12.25,22.72,108.36,95,92,1,2
0,0.63,0.96,4.11,3.0,5.22,113.0,21.47,9.8,77.74,64,117,3,1
1,0.27,9.65,3.76,5.0,3.88,191.0,6.34,7.78,116.18,164,57,3,2
1,0.68,9.85,4.17,3.0,6.27,177.0,13.32,10.22,108.89,113,33,1,2
0,0.73,5.64,2.57,5.0,6.2,29.0,16.17,6.36,37.91,50,135,1,1
0,0.05,2.63,1.2,3.0,2.67,152.0,6.83,22.91,104.58,74,22,2,3
1,0.79,3.83,2.47,4.0,6.48,113.0,18.58,8.56,82.5,32,200,3,3
0,0.36,2.52,0.7,0.0,4.45,69.0,22.01,10.12,64.24,124,45,1,2
0,0.46,3.56,3.39,7.0,5.26,65.0,6.38,17.08,60.56,179,183,1,2
0,0.66,4.71,2.01,2.0,5.76,69.0,14.42,18.6,63.83,76,33,2,2
0,1.0,9.8,3.76,4.0,7.65,41.0,24.19,10.68,40.93,111,80,1,2
1,,1.14,3.08,0.0,4.85,77.0,6.26,17.54,63.37,84,133,1,2
1,0.77,9.9,2.34,6.0,6.16,108.0,19.91,5.63,81.8,16,143,3,2
0,0.88,6.63,1.49,0.0,7.23,206.0,7.69,19.14,126.3,163,150,1,2
1,,4.15,1.31,0.0,6.76,155.0,23.26,8.27,100.56,31,148,1,3
1,0.19,6.34,2.11,0.0,3.22,108.0,18.15,11.62,81.11,174,137,1,3
1,0.82,0.89,2.36,3.0,6.65,165.0,7.36,17.69,107.73,67,81,2,3
0,0.31,6.82,0.0,7.0,,43.0,8.88,13.33,46.2,115,82,2,3
0,,4.01,1.25,7.0,4.58,195.0,6.11,18.02,124.46,169,192,1,1
1,1.0,7.31,0.37,3.0,7.41,,21.34,22.0,120.77,110,21,2,3
0,0.75,8.77,3.01,,6.4,69.0,7.08,10.77,62.96,138,70,1,2
0,0.93,1.43,2.43,7.0,7.13,86.0,15.06,5.89,64.02,181,56,1,2
0,0.18,5.36,0.58,3.0,3.44,183.0,5.58,23.59,114.69,116,72,1,2
0,0.55,5.37,2.56,7.0,5.06,195.0,24.95,18.67,120.01,164,136,1,3
1,0.02,6.4,2.93,3.0,2.43,85.0,13.65,12.72,64.47,25,103,2,2
0,0.46,5.21,4.88,6.0,4.57,37.0,16.02,8.08,39.87,140,123,1,2
0,0.54,9.25,4.29,1.0,5.61,,9.29,21.58,28.11,22,78,3,2
0,0.14,4.6,1.27,7.0,2.91,130.0,10.56,16.07,92.75,137,76,2,3
0,0.8,2.97,3.4,6.0,6.03,144.0,9.53,11.12,94.65,109,181,1,1
0,0.36,1.38,2.57,1.0,4.59,151.0,10.13,22.23,101.5,119,13,3,2
0,0.62,5.2,4.67,7.0,5.92,107.0,8.74,10.93,78.8,141,69,1,3
0,0.89,2.51,0.78,3.0,6.66,32.0,5.08,6.31,41.21,191,152,3,3
0,0.93,4.6,1.97,2.0,7.12,86.0,11.29,5.32,70.76,184,41,1,3
1,0.63,2.69,0.3,3.0,5.35,120.0,24.84,24.49,81.86,170,112,2,1
0,0.94,7.34,4.31,0.0,6.76,195.0,12.44,12.72,119.71,178,15,1,2
